postcode_district,year,average_price,transaction_count
AL1,2020,561861,706
AL1,2021,704736,908
AL1,2022,703824,819
AL1,2023,654626,634
AL1,2024,756728,692
AL10,2020,437568,280
AL10,2021,400562,466
AL10,2022,600261,365
AL10,2023,475275,283
AL10,2024,542129,360
AL2,2020,556016,343
AL2,2021,557875,556
AL2,2022,649860,459
AL2,2023,664082,279
AL2,2024,561120,324
AL3,2020,630424,472
AL3,2021,660725,675
AL3,2022,716368,491
AL3,2023,704654,374
AL3,2024,679518,393
AL4,2020,591254,390
AL4,2021,609631,628
AL4,2022,710731,502
AL4,2023,720987,392
AL4,2024,734652,368
AL5,2020,857149,460
AL5,2021,902317,689
AL5,2022,915121,564
AL5,2023,963682,476
AL5,2024,929912,491
AL6,2020,730541,189
AL6,2021,776143,277
AL6,2022,797372,193
AL6,2023,1092985,151
AL6,2024,762362,173
AL7,2020,373292,607
AL7,2021,358113,760
AL7,2022,402599,595
AL7,2023,402957,383
AL7,2024,440493,418
AL8,2020,595303,192
AL8,2021,478005,237
AL8,2022,595358,225
AL8,2023,648543,152
AL8,2024,541665,169
AL9,2020,726326,152
AL9,2021,644940,291
AL9,2022,736810,198
AL9,2023,908712,152
AL9,2024,848833,140
B1,2020,401960,421
B1,2021,322721,418
B1,2022,267545,380
B1,2023,389055,336
B1,2024,498104,370
B10,2020,246658,98
B10,2021,163665,123
B10,2022,224013,135
B10,2023,213801,113
B10,2024,303396,103
B11,2020,194108,333
B11,2021,217720,355
B11,2022,254367,298
B11,2023,241203,241
B11,2024,193098,264
B12,2020,317918,198
B12,2021,315524,202
B12,2022,285625,322
B12,2023,555343,226
B12,2024,230596,389
B13,2020,279766,404
B13,2021,303334,581
B13,2022,305535,488
B13,2023,325819,370
B13,2024,319709,444
B14,2020,245265,475
B14,2021,275235,764
B14,2022,266882,668
B14,2023,250835,531
B14,2024,258728,535
B15,2020,350146,416
B15,2021,593309,515
B15,2022,454415,305
B15,2023,439697,199
B15,2024,411065,190
B16,2020,301422,364
B16,2021,288129,406
B16,2022,325732,282
B16,2023,365962,205
B16,2024,352419,235
B17,2020,337070,383
B17,2021,398022,506
B17,2022,388683,501
B17,2023,358136,339
B17,2024,344744,424
B18,2020,225646,122
B18,2021,335837,140
B18,2022,514938,168
B18,2023,242643,128
B18,2024,272952,150
B19,2020,207158,75
B19,2021,263218,180
B19,2022,565159,115
B19,2023,242262,86
B19,2024,483171,82
B2,2020,711071,7
B2,2021,1287341,17
B2,2022,3079749,17
B2,2023,2088273,11
B2,2024,2454500,13
B20,2020,242036,281
B20,2021,232716,329
B20,2022,261494,256
B20,2023,245949,234
B20,2024,246553,197
B21,2020,154580,215
B21,2021,175053,254
B21,2022,204546,227
B21,2023,196598,173
B21,2024,208912,183
B23,2020,158338,540
B23,2021,180170,768
B23,2022,193437,653
B23,2023,190272,564
B23,2024,186942,583
B24,2020,198760,419
B24,2021,232031,510
B24,2022,318262,482
B24,2023,244803,417
B24,2024,324046,430
B25,2020,174118,152
B25,2021,185210,219
B25,2022,200151,189
B25,2023,216878,152
B25,2024,210001,166
B26,2020,192868,553
B26,2021,282591,724
B26,2022,223219,574
B26,2023,230564,518
B26,2024,280515,499
B27,2020,188470,271
B27,2021,216116,391
B27,2022,320131,331
B27,2023,230945,268
B27,2024,225613,277
B28,2020,245909,439
B28,2021,272738,585
B28,2022,375242,439
B28,2023,321230,406
B28,2024,289460,393
B29,2020,246049,504
B29,2021,522855,693
B29,2022,293566,630
B29,2023,448526,441
B29,2024,342477,486
B3,2020,1441134,106
B3,2021,1219985,99
B3,2022,878212,104
B3,2023,955043,103
B3,2024,504452,157
B30,2020,250224,444
B30,2021,263041,538
B30,2022,288376,482
B30,2023,308761,425
B30,2024,310733,411
B31,2020,214439,848
B31,2021,237500,1015
B31,2022,236848,1039
B31,2023,230054,788
B31,2024,249668,848
B32,2020,220204,409
B32,2021,236950,543
B32,2022,225581,496
B32,2023,221730,399
B32,2024,237800,392
B33,2020,162433,304
B33,2021,194919,399
B33,2022,200112,366
B33,2023,224805,326
B33,2024,228324,337
B34,2020,172903,190
B34,2021,182877,259
B34,2022,211785,226
B34,2023,201767,191
B34,2024,209806,188
B35,2020,546199,55
B35,2021,155805,84
B35,2022,678350,111
B35,2023,194547,101
B35,2024,165924,60
B36,2020,214394,355
B36,2021,242259,486
B36,2022,244627,426
B36,2023,235570,350
B36,2024,243753,430
B37,2020,219658,321
B37,2021,261921,441
B37,2022,243771,447
B37,2023,288663,362
B37,2024,235807,401
B38,2020,210915,268
B38,2021,236919,400
B38,2022,225452,347
B38,2023,237258,285
B38,2024,267760,291
B4,2020,7125247,15
B4,2021,1042170,96
B4,2022,411528,212
B4,2023,1066962,121
B4,2024,302670,80
B40,2022,66950000,1
B42,2020,180948,323
B42,2021,187780,474
B42,2022,212551,398
B42,2023,222611,292
B42,2024,218201,338
B43,2020,198598,364
B43,2021,226957,567
B43,2022,248898,463
B43,2023,245907,396
B43,2024,246607,425
B44,2020,173738,397
B44,2021,200258,558
B44,2022,187237,484
B44,2023,207237,448
B44,2024,197938,508
B45,2020,307163,483
B45,2021,280495,609
B45,2022,316832,509
B45,2023,332416,478
B45,2024,326154,502
B46,2020,278542,220
B46,2021,431740,286
B46,2022,355958,262
B46,2023,438284,169
B46,2024,330582,192
B47,2020,335992,136
B47,2021,376233,214
B47,2022,384436,159
B47,2023,422090,135
B47,2024,421859,137
B48,2020,608892,93
B48,2021,443458,127
B48,2022,461102,92
B48,2023,617813,79
B48,2024,437633,84
B49,2020,382000,144
B49,2021,385625,273
B49,2022,380704,225
B49,2023,393867,195
B49,2024,412386,246
B5,2020,655962,144
B5,2021,276633,282
B5,2022,324102,707
B5,2023,543441,163
B5,2024,721380,127
B50,2020,294736,141
B50,2021,336328,189
B50,2022,348115,152
B50,2023,307641,90
B50,2024,339260,108
B6,2020,396512,83
B6,2021,347517,115
B6,2022,1186586,127
B6,2023,329003,82
B6,2024,318748,100
B60,2020,324141,535
B60,2021,369505,649
B60,2022,359158,469
B60,2023,365281,411
B60,2024,359587,446
B61,2020,290298,386
B61,2021,294856,521
B61,2022,324220,440
B61,2023,342417,321
B61,2024,335266,380
B62,2020,297186,399
B62,2021,272957,532
B62,2022,349220,378
B62,2023,334655,326
B62,2024,309094,339
B63,2020,199100,489
B63,2021,210457,746
B63,2022,235674,579
B63,2023,228593,428
B63,2024,240361,549
B64,2020,193427,230
B64,2021,187506,336
B64,2022,229032,292
B64,2023,239755,200
B64,2024,261151,239
B65,2020,166996,254
B65,2021,210568,393
B65,2022,221843,379
B65,2023,204911,261
B65,2024,217219,258
B66,2020,313039,207
B66,2021,294846,271
B66,2022,275097,239
B66,2023,200270,167
B66,2024,444005,166
B67,2020,178443,250
B67,2021,196136,414
B67,2022,207584,372
B67,2023,206486,288
B67,2024,212624,288
B68,2020,178475,339
B68,2021,194784,501
B68,2022,220464,411
B68,2023,225585,305
B68,2024,230477,350
B69,2020,178072,291
B69,2021,266397,471
B69,2022,221977,499
B69,2023,306193,351
B69,2024,221497,381
B7,2020,194212,32
B7,2021,333964,50
B7,2022,364829,35
B7,2023,383110,29
B7,2024,1715153,49
B70,2020,193553,248
B70,2021,195912,432
B70,2022,280667,340
B70,2023,235601,233
B70,2024,211859,246
B71,2020,159934,308
B71,2021,186020,429
B71,2022,200232,389
B71,2023,226493,367
B71,2024,223305,366
B72,2020,334436,211
B72,2021,353147,240
B72,2022,441658,178
B72,2023,468658,157
B72,2024,440225,158
B73,2020,346093,305
B73,2021,363661,497
B73,2022,367246,408
B73,2023,357076,282
B73,2024,503240,324
B74,2020,456487,483
B74,2021,490167,777
B74,2022,487514,625
B74,2023,491952,498
B74,2024,462582,499
B75,2020,387165,352
B75,2021,484635,595
B75,2022,389911,444
B75,2023,393361,379
B75,2024,402990,456
B76,2020,303894,308
B76,2021,402968,500
B76,2022,1198239,342
B76,2023,727842,284
B76,2024,394779,315
B77,2020,234716,866
B77,2021,227708,1192
B77,2022,360941,952
B77,2023,260833,750
B77,2024,283079,870
B78,2020,318916,444
B78,2021,336798,656
B78,2022,378268,621
B78,2023,283785,454
B78,2024,382730,411
B79,2020,270581,471
B79,2021,333195,636
B79,2022,303225,549
B79,2023,333678,410
B79,2024,326234,456
B8,2020,151634,206
B8,2021,156129,242
B8,2022,211259,244
B8,2023,222117,217
B8,2024,175092,213
B80,2020,355353,107
B80,2021,344852,168
B80,2022,432700,138
B80,2023,299843,142
B80,2024,324387,114
B9,2020,276513,140
B9,2021,202210,141
B9,2022,395321,152
B9,2023,351250,128
B9,2024,200261,119
B90,2020,396384,1033
B90,2021,337503,1593
B90,2022,392136,1272
B90,2023,373877,1086
B90,2024,352839,1044
B91,2020,456084,584
B91,2021,604069,848
B91,2022,466967,695
B91,2023,465907,542
B91,2024,478719,529
B92,2020,314289,512
B92,2021,326407,855
B92,2022,326064,682
B92,2023,325362,534
B92,2024,347244,596
B93,2020,553709,305
B93,2021,554253,498
B93,2022,637118,360
B93,2023,641455,284
B93,2024,677665,309
B94,2020,638831,131
B94,2021,749306,195
B94,2022,770576,130
B94,2023,842002,103
B94,2024,917527,85
B95,2020,551552,100
B95,2021,540787,158
B95,2022,652849,113
B95,2023,618833,97
B95,2024,552930,113
B96,2020,365143,112
B96,2021,435596,108
B96,2022,448481,112
B96,2023,419116,80
B96,2024,497166,89
B97,2020,250887,656
B97,2021,316677,754
B97,2022,289508,577
B97,2023,298980,574
B97,2024,280347,633
B98,2020,305328,655
B98,2021,272947,860
B98,2022,263616,674
B98,2023,279221,589
B98,2024,387501,642
BA1,2020,523757,708
BA1,2021,611857,1154
BA1,2022,667447,836
BA1,2023,712698,705
BA1,2024,610963,811
BA10,2020,455771,58
BA10,2021,495061,120
BA10,2022,497782,69
BA10,2023,402332,58
BA10,2024,725053,55
BA11,2020,370494,627
BA11,2021,439101,851
BA11,2022,407697,669
BA11,2023,426968,568
BA11,2024,380329,608
BA12,2020,303783,496
BA12,2021,374033,688
BA12,2022,398880,563
BA12,2023,377539,505
BA12,2024,360132,636
BA13,2020,279879,435
BA13,2021,305268,673
BA13,2022,319249,548
BA13,2023,320486,417
BA13,2024,298334,474
BA14,2020,263355,795
BA14,2021,294405,1178
BA14,2022,326989,915
BA14,2023,309185,784
BA14,2024,304981,817
BA15,2020,451928,291
BA15,2021,419781,341
BA15,2022,522639,226
BA15,2023,474311,202
BA15,2024,474327,237
BA16,2020,260107,223
BA16,2021,271732,250
BA16,2022,277078,238
BA16,2023,307815,192
BA16,2024,280699,178
BA2,2020,554575,1035
BA2,2021,514791,1527
BA2,2022,601685,1353
BA2,2023,659727,1125
BA2,2024,590199,1197
BA20,2020,278286,231
BA20,2021,340215,293
BA20,2022,310287,267
BA20,2023,263091,207
BA20,2024,271526,190
BA21,2020,224342,529
BA21,2021,255011,652
BA21,2022,287130,618
BA21,2023,247913,539
BA21,2024,264903,562
BA22,2020,343504,389
BA22,2021,391673,493
BA22,2022,370724,503
BA22,2023,421010,331
BA22,2024,385610,321
BA3,2020,303775,511
BA3,2021,337472,742
BA3,2022,356610,619
BA3,2023,356152,506
BA3,2024,360319,509
BA4,2020,327886,276
BA4,2021,343440,380
BA4,2022,432516,304
BA4,2023,432661,265
BA4,2024,366611,278
BA5,2020,336289,358
BA5,2021,353087,586
BA5,2022,394453,484
BA5,2023,384949,372
BA5,2024,442774,358
BA6,2020,331108,270
BA6,2021,348937,337
BA6,2022,368490,246
BA6,2023,375469,233
BA6,2024,343618,247
BA7,2020,352618,106
BA7,2021,412340,118
BA7,2022,450016,93
BA7,2023,366073,71
BA7,2024,394861,68
BA8,2020,367457,77
BA8,2021,356246,87
BA8,2022,361569,82
BA8,2023,364261,84
BA8,2024,380917,68
BA9,2020,313788,149
BA9,2021,376122,238
BA9,2022,438416,192
BA9,2023,443448,109
BA9,2024,355818,170
BB1,2020,257637,728
BB1,2021,257312,1018
BB1,2022,203033,853
BB1,2023,289927,773
BB1,2024,225746,808
BB10,2020,118880,623
BB10,2021,138028,931
BB10,2022,135640,848
BB10,2023,143893,724
BB10,2024,167396,715
BB11,2020,94430,519
BB11,2021,116787,652
BB11,2022,149581,707
BB11,2023,109495,585
BB11,2024,135321,615
BB12,2020,258282,703
BB12,2021,171095,1065
BB12,2022,183558,933
BB12,2023,169306,748
BB12,2024,159896,729
BB18,2020,147586,305
BB18,2021,190995,464
BB18,2022,187273,395
BB18,2023,190511,315
BB18,2024,178614,375
BB2,2020,185098,897
BB2,2021,187127,1131
BB2,2022,207154,1119
BB2,2023,202158,1019
BB2,2024,203130,1132
BB3,2020,144333,709
BB3,2021,158386,923
BB3,2022,158097,800
BB3,2023,194057,746
BB3,2024,182147,859
BB4,2020,185837,677
BB4,2021,211592,1035
BB4,2022,231636,823
BB4,2023,219486,641
BB4,2024,220053,722
BB5,2020,125354,1069
BB5,2021,156212,1366
BB5,2022,164809,1349
BB5,2023,145182,1000
BB5,2024,155703,1001
BB6,2020,192838,282
BB6,2021,252485,380
BB6,2022,233934,342
BB6,2023,220684,292
BB6,2024,220873,314
BB7,2020,296088,830
BB7,2021,304277,1081
BB7,2022,320894,886
BB7,2023,337548,780
BB7,2024,337804,754
BB8,2020,162002,465
BB8,2021,179023,681
BB8,2022,175850,573
BB8,2023,168544,408
BB8,2024,189319,405
BB9,2020,114152,677
BB9,2021,143762,903
BB9,2022,151963,814
BB9,2023,139822,720
BB9,2024,155229,726
BD1,2020,221022,410
BD1,2021,127158,371
BD1,2022,382201,220
BD1,2023,213442,261
BD1,2024,124440,401
BD10,2020,198906,503
BD10,2021,196970,630
BD10,2022,222619,596
BD10,2023,213528,442
BD10,2024,243394,476
BD11,2020,236266,278
BD11,2021,246730,285
BD11,2022,241467,291
BD11,2023,253020,230
BD11,2024,259802,250
BD12,2020,148205,287
BD12,2021,163510,388
BD12,2022,200805,324
BD12,2023,172036,247
BD12,2024,187242,306
BD13,2020,168095,517
BD13,2021,178283,686
BD13,2022,177510,554
BD13,2023,186918,482
BD13,2024,208518,541
BD14,2020,161551,154
BD14,2021,160087,198
BD14,2022,189780,143
BD14,2023,187023,141
BD14,2024,186169,159
BD15,2020,182596,265
BD15,2021,188322,339
BD15,2022,185231,309
BD15,2023,196979,216
BD15,2024,193411,292
BD16,2020,246802,459
BD16,2021,234807,667
BD16,2022,253487,513
BD16,2023,270547,369
BD16,2024,242266,444
BD17,2020,255133,346
BD17,2021,254868,475
BD17,2022,278190,351
BD17,2023,329301,306
BD17,2024,251637,292
BD18,2020,184885,400
BD18,2021,214829,521
BD18,2022,201422,428
BD18,2023,208482,382
BD18,2024,207467,407
BD19,2020,184447,365
BD19,2021,227971,496
BD19,2022,261068,432
BD19,2023,283031,433
BD19,2024,235920,426
BD2,2020,134254,465
BD2,2021,159426,712
BD2,2022,178977,748
BD2,2023,181728,570
BD2,2024,183535,610
BD20,2020,233318,825
BD20,2021,249233,975
BD20,2022,246898,830
BD20,2023,266830,649
BD20,2024,252928,723
BD21,2020,122118,279
BD21,2021,142181,436
BD21,2022,145575,379
BD21,2023,169308,311
BD21,2024,190699,299
BD22,2020,179726,532
BD22,2021,193525,779
BD22,2022,191534,608
BD22,2023,199614,451
BD22,2024,197111,521
BD23,2020,325607,621
BD23,2021,309714,776
BD23,2022,383836,638
BD23,2023,394334,621
BD23,2024,323355,712
BD24,2020,266142,115
BD24,2021,328534,148
BD24,2022,325820,122
BD24,2023,345350,107
BD24,2024,299293,116
BD3,2020,102402,218
BD3,2021,231618,289
BD3,2022,109031,281
BD3,2023,152477,225
BD3,2024,128008,230
BD4,2020,134742,369
BD4,2021,158664,553
BD4,2022,187979,516
BD4,2023,177767,464
BD4,2024,200779,483
BD5,2020,89162,291
BD5,2021,109682,307
BD5,2022,118598,284
BD5,2023,113104,239
BD5,2024,165652,232
BD6,2020,136148,438
BD6,2021,135732,589
BD6,2022,146850,527
BD6,2023,165501,425
BD6,2024,174712,497
BD7,2020,202379,309
BD7,2021,120308,365
BD7,2022,182016,387
BD7,2023,161217,347
BD7,2024,139630,358
BD8,2020,118647,180
BD8,2021,118550,285
BD8,2022,141456,248
BD8,2023,134165,189
BD8,2024,173866,195
BD9,2020,169226,225
BD9,2021,180226,296
BD9,2022,154456,287
BD9,2023,153750,219
BD9,2024,166899,312
BH1,2020,315298,515
BH1,2021,267626,632
BH1,2022,273706,612
BH1,2023,326908,426
BH1,2024,284092,395
BH10,2020,291443,282
BH10,2021,324875,422
BH10,2022,354755,330
BH10,2023,342219,257
BH10,2024,338315,309
BH11,2020,298963,325
BH11,2021,382708,446
BH11,2022,341895,362
BH11,2023,326791,239
BH11,2024,368282,332
BH12,2020,273226,565
BH12,2021,299472,831
BH12,2022,342633,630
BH12,2023,356190,477
BH12,2024,382976,588
BH13,2020,901519,347
BH13,2021,875600,574
BH13,2022,951761,364
BH13,2023,1044756,225
BH13,2024,904712,273
BH14,2020,514185,635
BH14,2021,519550,1014
BH14,2022,586466,724
BH14,2023,597360,517
BH14,2024,510224,542
BH15,2020,395919,606
BH15,2021,330949,923
BH15,2022,358925,680
BH15,2023,410772,571
BH15,2024,332835,611
BH16,2020,359154,236
BH16,2021,385460,301
BH16,2022,387900,265
BH16,2023,379403,217
BH16,2024,377027,252
BH17,2020,276169,374
BH17,2021,300362,449
BH17,2022,335804,350
BH17,2023,326045,339
BH17,2024,318298,358
BH18,2020,538505,195
BH18,2021,469205,275
BH18,2022,886152,196
BH18,2023,542629,188
BH18,2024,513300,196
BH19,2020,407304,273
BH19,2021,412438,371
BH19,2022,453591,274
BH19,2023,526938,240
BH19,2024,479621,216
BH2,2020,299814,258
BH2,2021,348946,500
BH2,2022,309230,396
BH2,2023,329968,304
BH2,2024,300059,213
BH20,2020,392363,300
BH20,2021,421728,397
BH20,2022,426611,268
BH20,2023,435202,270
BH20,2024,452074,256
BH21,2020,444333,784
BH21,2021,451938,1176
BH21,2022,488214,855
BH21,2023,538992,669
BH21,2024,462994,694
BH22,2020,388931,543
BH22,2021,415074,753
BH22,2022,461549,584
BH22,2023,448886,427
BH22,2024,427988,554
BH23,2020,455166,1013
BH23,2021,430329,1473
BH23,2022,492282,1057
BH23,2023,458423,955
BH23,2024,510042,987
BH24,2020,511043,431
BH24,2021,560654,622
BH24,2022,598560,417
BH24,2023,565458,323
BH24,2024,542327,349
BH25,2020,392089,507
BH25,2021,439100,767
BH25,2022,472055,483
BH25,2023,474307,405
BH25,2024,438847,454
BH3,2020,460481,75
BH3,2021,520159,136
BH3,2022,644847,117
BH3,2023,697913,82
BH3,2024,524012,86
BH31,2020,365734,271
BH31,2021,397468,358
BH31,2022,420049,288
BH31,2023,635569,235
BH31,2024,410767,228
BH4,2020,317845,252
BH4,2021,337905,419
BH4,2022,344596,316
BH4,2023,406628,243
BH4,2024,382859,234
BH5,2020,324593,247
BH5,2021,309302,355
BH5,2022,296735,339
BH5,2023,357778,225
BH5,2024,279726,241
BH6,2020,390845,410
BH6,2021,409666,621
BH6,2022,455555,532
BH6,2023,458840,351
BH6,2024,447289,379
BH7,2020,337748,211
BH7,2021,376825,273
BH7,2022,375644,176
BH7,2023,380772,147
BH7,2024,379608,176
BH8,2020,302211,428
BH8,2021,377689,615
BH8,2022,350606,456
BH8,2023,341780,383
BH8,2024,348264,444
BH9,2020,294228,459
BH9,2021,318488,670
BH9,2022,412314,518
BH9,2023,332115,429
BH9,2024,334788,430
BL0,2020,240593,312
BL0,2021,254928,542
BL0,2022,267625,396
BL0,2023,279837,266
BL0,2024,279850,303
BL1,2020,201104,1010
BL1,2021,196219,1372
BL1,2022,198641,1176
BL1,2023,227524,983
BL1,2024,210120,997
BL12,2021,150000,1
BL2,2020,162738,709
BL2,2021,179247,895
BL2,2022,267912,766
BL2,2023,211425,662
BL2,2024,214809,679
BL3,2020,164041,737
BL3,2021,179985,912
BL3,2022,257086,799
BL3,2023,177470,749
BL3,2024,191531,705
BL4,2020,151356,465
BL4,2021,147766,557
BL4,2022,172279,522
BL4,2023,187089,404
BL4,2024,175487,462
BL5,2020,237114,532
BL5,2021,255952,732
BL5,2022,246575,748
BL5,2023,356648,554
BL5,2024,245965,552
BL6,2020,262089,633
BL6,2021,252764,861
BL6,2022,240732,700
BL6,2023,313982,547
BL6,2024,291083,637
BL7,2020,260454,303
BL7,2021,297124,395
BL7,2022,326888,356
BL7,2023,312985,252
BL7,2024,321345,323
BL8,2020,230881,482
BL8,2021,251104,824
BL8,2022,260084,670
BL8,2023,253293,512
BL8,2024,263388,613
BL9,2020,195624,687
BL9,2021,219339,889
BL9,2022,214036,868
BL9,2023,257671,672
BL9,2024,272023,761
BN1,2020,574978,1189
BN1,2021,510402,2010
BN1,2022,614259,1537
BN1,2023,627017,1135
BN1,2024,506810,1256
BN10,2020,310959,349
BN10,2021,340366,487
BN10,2022,372446,442
BN10,2023,357016,282
BN10,2024,351449,359
BN11,2020,290838,693
BN11,2021,367020,1191
BN11,2022,321139,915
BN11,2023,342044,796
BN11,2024,334164,712
BN12,2020,403808,415
BN12,2021,438137,553
BN12,2022,503145,421
BN12,2023,454979,382
BN12,2024,457733,455
BN13,2020,327818,486
BN13,2021,353145,677
BN13,2022,391272,609
BN13,2023,372760,485
BN13,2024,377525,465
BN14,2020,420125,534
BN14,2021,394548,673
BN14,2022,436403,526
BN14,2023,414122,452
BN14,2024,451178,500
BN15,2020,309331,433
BN15,2021,330384,635
BN15,2022,375371,560
BN15,2023,348382,456
BN15,2024,351995,425
BN16,2020,422775,657
BN16,2021,445257,823
BN16,2022,464546,707
BN16,2023,484001,619
BN16,2024,472715,682
BN17,2020,275463,568
BN17,2021,363389,756
BN17,2022,328592,676
BN17,2023,298910,495
BN17,2024,366774,499
BN18,2020,418984,306
BN18,2021,523785,419
BN18,2022,481361,461
BN18,2023,469518,419
BN18,2024,504401,397
BN2,2020,464554,1240
BN2,2021,443505,1955
BN2,2022,465524,1572
BN2,2023,1046216,1091
BN2,2024,435006,1306
BN20,2020,421092,368
BN20,2021,399184,589
BN20,2022,466063,472
BN20,2023,490932,305
BN20,2024,431758,355
BN21,2020,316992,562
BN21,2021,294498,877
BN21,2022,295345,787
BN21,2023,334177,569
BN21,2024,305025,617
BN22,2020,262200,474
BN22,2021,289184,744
BN22,2022,327734,636
BN22,2023,325687,489
BN22,2024,325282,602
BN23,2020,275869,459
BN23,2021,294327,765
BN23,2022,315546,552
BN23,2023,396045,487
BN23,2024,518869,467
BN24,2020,414327,217
BN24,2021,388876,277
BN24,2022,395700,232
BN24,2023,533746,195
BN24,2024,383615,187
BN25,2020,364914,442
BN25,2021,384527,640
BN25,2022,412400,494
BN25,2023,419771,384
BN25,2024,389928,394
BN26,2020,354065,262
BN26,2021,437684,358
BN26,2022,392680,254
BN26,2023,382367,202
BN26,2024,375968,252
BN27,2020,334098,655
BN27,2021,409280,969
BN27,2022,385861,681
BN27,2023,400975,562
BN27,2024,413021,626
BN3,2020,478225,1382
BN3,2021,528671,2142
BN3,2022,549334,1871
BN3,2023,591394,1366
BN3,2024,547807,1603
BN41,2020,332645,271
BN41,2021,364483,411
BN41,2022,401300,298
BN41,2023,375695,255
BN41,2024,364808,305
BN42,2020,359992,146
BN42,2021,394509,174
BN42,2022,461621,145
BN42,2023,438635,115
BN42,2024,431808,120
BN43,2020,433905,381
BN43,2021,441591,594
BN43,2022,484667,424
BN43,2023,525444,344
BN43,2024,550336,407
BN44,2020,412540,145
BN44,2021,465669,198
BN44,2022,473685,145
BN44,2023,492048,124
BN44,2024,505559,146
BN45,2020,1339657,14
BN45,2021,649152,15
BN45,2022,1073889,9
BN45,2023,640500,8
BN45,2024,908851,9
BN5,2020,548395,120
BN5,2021,614617,170
BN5,2022,681098,134
BN5,2023,664724,118
BN5,2024,639042,132
BN6,2020,544453,329
BN6,2021,587431,504
BN6,2022,643135,407
BN6,2023,677209,321
BN6,2024,654465,347
BN7,2020,558579,280
BN7,2021,625018,471
BN7,2022,611739,380
BN7,2023,669177,307
BN7,2024,583717,327
BN8,2020,561442,220
BN8,2021,576776,392
BN8,2022,593068,316
BN8,2023,621229,191
BN8,2024,634790,269
BN9,2020,272470,190
BN9,2021,306357,308
BN9,2022,381826,259
BN9,2023,311131,167
BN9,2024,303683,197
BR1,2020,576328,733
BR1,2021,614642,1073
BR1,2022,564646,905
BR1,2023,578028,638
BR1,2024,574931,761
BR2,2020,528662,777
BR2,2021,591665,1140
BR2,2022,598239,814
BR2,2023,611409,567
BR2,2024,644873,703
BR3,2020,575610,768
BR3,2021,542910,1117
BR3,2022,605688,977
BR3,2023,615603,798
BR3,2024,609483,892
BR4,2020,594775,239
BR4,2021,650742,339
BR4,2022,656258,261
BR4,2023,619888,184
BR4,2024,615723,255
BR5,2020,453682,625
BR5,2021,476912,889
BR5,2022,510220,621
BR5,2023,495292,533
BR5,2024,468739,554
BR6,2020,584576,736
BR6,2021,614227,964
BR6,2022,657089,845
BR6,2023,630465,605
BR6,2024,627532,701
BR7,2020,681224,306
BR7,2021,726519,482
BR7,2022,766198,348
BR7,2023,729202,258
BR7,2024,737455,273
BR8,2020,447756,342
BR8,2021,403970,438
BR8,2022,536350,324
BR8,2023,390192,325
BR8,2024,403560,301
BS1,2020,970135,298
BS1,2021,779779,448
BS1,2022,758320,466
BS1,2023,1775268,255
BS1,2024,1587515,266
BS10,2020,386553,334
BS10,2021,334199,500
BS10,2022,387575,423
BS10,2023,372590,412
BS10,2024,390117,533
BS11,2020,339627,232
BS11,2021,883576,331
BS11,2022,360999,350
BS11,2023,414789,249
BS11,2024,519441,240
BS13,2020,253667,357
BS13,2021,269307,575
BS13,2022,282076,451
BS13,2023,287715,421
BS13,2024,306969,361
BS14,2020,290873,414
BS14,2021,325238,652
BS14,2022,309635,541
BS14,2023,329356,374
BS14,2024,299783,438
BS15,2020,270771,691
BS15,2021,284056,1085
BS15,2022,287825,821
BS15,2023,328419,703
BS15,2024,303438,760
BS16,2020,316894,1537
BS16,2021,346157,1985
BS16,2022,385318,1828
BS16,2023,363452,1443
BS16,2024,366473,1403
BS17,2022,35000,2
BS17,2023,2622487,1
BS2,2020,1025998,230
BS2,2021,515017,415
BS2,2022,465378,320
BS2,2023,411049,297
BS2,2024,538959,251
BS20,2020,382324,591
BS20,2021,438727,768
BS20,2022,424092,667
BS20,2023,437117,511
BS20,2024,404352,558
BS21,2020,336784,390
BS21,2021,388909,579
BS21,2022,411752,491
BS21,2023,396526,446
BS21,2024,409863,411
BS22,2020,245790,593
BS22,2021,283867,883
BS22,2022,281625,698
BS22,2023,299157,493
BS22,2024,298603,628
BS23,2020,201751,586
BS23,2021,231934,960
BS23,2022,249965,946
BS23,2023,315888,638
BS23,2024,258352,679
BS24,2020,281378,521
BS24,2021,280771,913
BS24,2022,331972,709
BS24,2023,298526,472
BS24,2024,306294,590
BS25,2020,422617,156
BS25,2021,426710,257
BS25,2022,442679,161
BS25,2023,486080,116
BS25,2024,460917,121
BS26,2020,445196,85
BS26,2021,473234,145
BS26,2022,452495,63
BS26,2023,778083,66
BS26,2024,483961,68
BS27,2020,314172,110
BS27,2021,380215,173
BS27,2022,377974,141
BS27,2023,417093,169
BS27,2024,372215,183
BS28,2020,464258,62
BS28,2021,583941,135
BS28,2022,649796,69
BS28,2023,644356,44
BS28,2024,599664,51
BS29,2020,305178,87
BS29,2021,308627,161
BS29,2022,341279,182
BS29,2023,375485,144
BS29,2024,344544,171
BS3,2020,333134,808
BS3,2021,352737,1144
BS3,2022,406767,888
BS3,2023,397730,829
BS3,2024,423113,890
BS30,2020,385356,386
BS30,2021,350906,590
BS30,2022,388293,457
BS30,2023,338648,343
BS30,2024,367016,404
BS31,2020,368255,535
BS31,2021,375237,636
BS31,2022,439473,516
BS31,2023,389490,440
BS31,2024,434814,344
BS32,2020,548811,327
BS32,2021,453384,499
BS32,2022,744769,396
BS32,2023,420213,318
BS32,2024,401058,349
BS34,2020,361408,552
BS34,2021,307407,944
BS34,2022,348593,773
BS34,2023,395726,700
BS34,2024,363470,752
BS35,2020,395007,449
BS35,2021,418101,515
BS35,2022,439772,462
BS35,2023,553075,436
BS35,2024,574239,434
BS36,2020,394242,233
BS36,2021,413528,342
BS36,2022,437684,294
BS36,2023,434242,203
BS36,2024,436846,252
BS37,2020,317485,715
BS37,2021,328500,962
BS37,2022,365916,909
BS37,2023,417060,647
BS37,2024,419860,718
BS39,2020,336658,251
BS39,2021,355435,358
BS39,2022,406821,252
BS39,2023,391903,173
BS39,2024,389874,249
BS4,2020,293062,692
BS4,2021,315415,1087
BS4,2022,357894,835
BS4,2023,348760,792
BS4,2024,338358,703
BS40,2020,479538,234
BS40,2021,523952,359
BS40,2022,571970,220
BS40,2023,581721,190
BS40,2024,586545,204
BS41,2020,427340,84
BS41,2021,545499,156
BS41,2022,586841,81
BS41,2023,573658,76
BS41,2024,657703,103
BS48,2020,491791,319
BS48,2021,428917,532
BS48,2022,464012,450
BS48,2023,485600,408
BS48,2024,461332,464
BS49,2020,364592,263
BS49,2021,368933,387
BS49,2022,473860,268
BS49,2023,383268,212
BS49,2024,531179,231
BS5,2020,260138,841
BS5,2021,299310,1180
BS5,2022,331064,915
BS5,2023,322987,851
BS5,2024,320434,881
BS6,2020,516804,508
BS6,2021,544121,759
BS6,2022,565313,598
BS6,2023,550573,528
BS6,2024,540880,583
BS7,2020,372988,557
BS7,2021,406758,859
BS7,2022,474247,676
BS7,2023,425568,606
BS7,2024,444329,622
BS8,2020,545298,466
BS8,2021,593726,708
BS8,2022,653617,574
BS8,2023,591612,453
BS8,2024,666997,477
BS9,2020,554624,476
BS9,2021,556265,607
BS9,2022,614935,499
BS9,2023,603737,398
BS9,2024,626338,447
CA1,2020,149271,460
CA1,2021,147847,720
CA1,2022,200663,634
CA1,2023,161491,504
CA1,2024,195897,505
CA10,2020,283005,280
CA10,2021,317437,350
CA10,2022,344044,310
CA10,2023,346503,250
CA10,2024,317304,247
CA11,2020,251930,476
CA11,2021,275084,671
CA11,2022,281717,631
CA11,2023,310131,569
CA11,2024,283531,505
CA12,2020,384867,178
CA12,2021,457056,237
CA12,2022,447977,185
CA12,2023,464883,134
CA12,2024,520165,158
CA13,2020,239300,343
CA13,2021,264171,439
CA13,2022,278563,402
CA13,2023,265599,314
CA13,2024,289236,319
CA14,2020,159325,569
CA14,2021,167271,722
CA14,2022,175068,681
CA14,2023,172498,666
CA14,2024,225318,691
CA15,2020,131204,223
CA15,2021,136713,334
CA15,2022,146366,253
CA15,2023,151372,241
CA15,2024,149394,300
CA16,2020,222724,113
CA16,2021,272844,175
CA16,2022,263486,140
CA16,2023,282403,81
CA16,2024,241351,102
CA17,2020,272797,85
CA17,2021,305480,123
CA17,2022,289539,119
CA17,2023,369067,76
CA17,2024,293987,99
CA18,2020,279125,4
CA18,2021,240900,10
CA18,2022,337500,2
CA18,2023,227650,3
CA18,2024,258531,4
CA19,2020,287153,20
CA19,2021,406858,35
CA19,2022,390636,13
CA19,2023,403500,12
CA19,2024,426286,14
CA2,2020,148132,704
CA2,2021,136719,936
CA2,2022,206647,832
CA2,2023,162452,807
CA2,2024,162125,793
CA20,2020,202729,64
CA20,2021,208159,94
CA20,2022,224824,76
CA20,2023,229176,56
CA20,2024,246038,66
CA21,2020,251275,16
CA21,2021,236132,19
CA21,2022,264421,19
CA21,2023,299389,9
CA21,2024,222150,10
CA22,2020,129407,132
CA22,2021,160981,174
CA22,2022,156573,141
CA22,2023,148524,117
CA22,2024,157688,136
CA23,2020,162722,27
CA23,2021,155812,47
CA23,2022,129143,38
CA23,2023,154071,28
CA23,2024,139737,38
CA24,2020,108359,21
CA24,2021,116738,33
CA24,2022,117812,29
CA24,2023,84346,13
CA24,2024,132618,17
CA25,2020,139803,115
CA25,2021,147573,149
CA25,2022,171633,122
CA25,2023,159318,114
CA25,2024,161527,79
CA26,2020,142432,68
CA26,2021,193374,128
CA26,2022,209999,86
CA26,2023,165046,87
CA26,2024,189708,78
CA27,2020,208926,32
CA27,2021,213844,50
CA27,2022,264371,31
CA27,2023,241056,26
CA27,2024,266724,33
CA28,2020,150980,525
CA28,2021,159799,679
CA28,2022,170848,581
CA28,2023,160347,444
CA28,2024,176404,539
CA3,2020,208856,321
CA3,2021,199656,451
CA3,2022,247135,418
CA3,2023,214094,345
CA3,2024,231989,339
CA4,2020,359102,258
CA4,2021,330734,285
CA4,2022,368611,198
CA4,2023,308331,177
CA4,2024,306010,152
CA5,2020,287924,120
CA5,2021,304561,163
CA5,2022,320233,109
CA5,2023,303167,103
CA5,2024,308078,144
CA6,2020,262440,149
CA6,2021,254741,233
CA6,2022,466019,151
CA6,2023,338040,135
CA6,2024,303228,148
CA7,2020,205565,387
CA7,2021,205592,561
CA7,2022,241502,395
CA7,2023,244286,325
CA7,2024,221493,462
CA8,2020,225767,168
CA8,2021,275208,313
CA8,2022,277662,193
CA8,2023,288070,186
CA8,2024,306841,166
CA9,2020,174705,32
CA9,2021,405670,67
CA9,2022,276125,40
CA9,2023,199527,41
CA9,2024,247287,39
CB1,2020,915415,556
CB1,2021,569859,853
CB1,2022,599063,867
CB1,2023,716999,621
CB1,2024,568159,631
CB10,2020,530929,234
CB10,2021,554324,320
CB10,2022,597729,283
CB10,2023,594462,208
CB10,2024,555704,236
CB11,2020,547318,272
CB11,2021,608330,454
CB11,2022,578842,388
CB11,2023,533006,333
CB11,2024,524186,311
CB2,2020,722028,319
CB2,2021,688241,360
CB2,2022,1037306,432
CB2,2023,783832,305
CB2,2024,1221837,255
CB21,2020,492364,200
CB21,2021,515144,331
CB21,2022,625781,237
CB21,2023,633545,182
CB21,2024,544019,240
CB22,2020,546768,368
CB22,2021,611793,506
CB22,2022,713237,406
CB22,2023,617758,342
CB22,2024,604286,391
CB23,2020,389584,514
CB23,2021,506959,805
CB23,2022,445282,854
CB23,2023,550249,620
CB23,2024,452682,648
CB24,2020,446873,709
CB24,2021,436236,977
CB24,2022,461345,814
CB24,2023,491290,657
CB24,2024,430333,633
CB25,2020,379055,246
CB25,2021,418836,377
CB25,2022,450138,310
CB25,2023,435456,238
CB25,2024,490625,299
CB3,2020,712317,194
CB3,2021,917786,297
CB3,2022,983510,146
CB3,2023,805604,289
CB3,2024,1214602,181
CB4,2020,496858,396
CB4,2021,838300,584
CB4,2022,823677,525
CB4,2023,557903,457
CB4,2024,502760,488
CB5,2020,488038,137
CB5,2021,602919,264
CB5,2022,660725,197
CB5,2023,588529,231
CB5,2024,548202,202
CB6,2020,322764,657
CB6,2021,340201,1012
CB6,2022,353547,925
CB6,2023,404740,770
CB6,2024,370368,689
CB7,2020,392454,448
CB7,2021,341157,856
CB7,2022,346957,759
CB7,2023,354521,469
CB7,2024,375088,494
CB8,2020,649006,545
CB8,2021,454015,778
CB8,2022,459602,691
CB8,2023,422445,515
CB8,2024,402621,594
CB9,2020,278617,508
CB9,2021,304623,713
CB9,2022,332367,690
CB9,2023,343243,408
CB9,2024,316938,508
CF1,2020,135000,1
CF1,2021,1286877,3
CF10,2020,847346,262
CF10,2021,419231,328
CF10,2022,353798,765
CF10,2023,284300,386
CF10,2024,689579,345
CF11,2020,288540,594
CF11,2021,321178,719
CF11,2022,319474,750
CF11,2023,273400,576
CF11,2024,310101,612
CF14,2020,385400,1010
CF14,2021,356139,1541
CF14,2022,380306,1308
CF14,2023,370044,1027
CF14,2024,417436,1179
CF15,2020,298175,238
CF15,2021,326567,411
CF15,2022,345650,332
CF15,2023,369398,259
CF15,2024,355989,294
CF2,2021,202250,2
CF2,2023,280000,2
CF2,2024,35000,1
CF23,2020,315374,517
CF23,2021,326710,785
CF23,2022,395116,713
CF23,2023,373406,565
CF23,2024,373535,597
CF24,2020,213272,596
CF24,2021,252333,911
CF24,2022,247942,856
CF24,2023,251155,687
CF24,2024,635341,715
CF3,2020,253520,712
CF3,2021,245919,833
CF3,2022,264642,757
CF3,2023,281984,641
CF3,2024,272649,724
CF31,2020,196894,664
CF31,2021,230712,917
CF31,2022,237257,879
CF31,2023,227745,659
CF31,2024,238503,700
CF32,2020,165297,430
CF32,2021,180628,574
CF32,2022,183781,577
CF32,2023,282673,452
CF32,2024,195544,488
CF33,2020,161642,168
CF33,2021,165314,255
CF33,2022,195583,211
CF33,2023,187861,148
CF33,2024,247401,212
CF34,2020,120961,252
CF34,2021,127874,337
CF34,2022,139049,293
CF34,2023,144389,281
CF34,2024,135927,250
CF35,2020,225035,368
CF35,2021,243523,487
CF35,2022,263736,373
CF35,2023,258818,271
CF35,2024,292671,312
CF36,2020,253240,274
CF36,2021,311309,391
CF36,2022,356359,320
CF36,2023,350109,278
CF36,2024,331000,303
CF37,2020,135768,468
CF37,2021,146032,746
CF37,2022,169671,732
CF37,2023,168219,574
CF37,2024,161466,586
CF38,2020,197783,321
CF38,2021,215037,457
CF38,2022,239356,375
CF38,2023,251575,267
CF38,2024,246857,333
CF39,2020,120715,387
CF39,2021,138756,585
CF39,2022,157892,544
CF39,2023,175992,438
CF39,2024,158748,396
CF40,2020,92866,300
CF40,2021,108484,425
CF40,2022,122563,385
CF40,2023,112526,301
CF40,2024,125482,337
CF41,2020,90045,145
CF41,2021,110359,215
CF41,2022,119959,195
CF41,2023,124110,167
CF41,2024,111308,175
CF42,2020,95636,197
CF42,2021,107832,261
CF42,2022,125599,243
CF42,2023,108467,232
CF42,2024,128071,257
CF43,2020,65080,166
CF43,2021,82357,253
CF43,2022,98597,257
CF43,2023,91130,208
CF43,2024,89366,192
CF44,2020,142179,592
CF44,2021,152088,850
CF44,2022,166804,736
CF44,2023,162554,613
CF44,2024,172834,629
CF45,2020,91736,284
CF45,2021,122765,414
CF45,2022,126167,340
CF45,2023,111006,247
CF45,2024,125459,297
CF46,2020,140359,169
CF46,2021,156979,301
CF46,2022,183630,258
CF46,2023,166899,202
CF46,2024,180992,213
CF47,2020,138571,235
CF47,2021,146013,294
CF47,2022,148692,316
CF47,2023,151605,250
CF47,2024,165584,261
CF48,2020,140294,340
CF48,2021,192224,473
CF48,2022,167855,467
CF48,2023,152304,341
CF48,2024,180754,328
CF5,2020,252965,962
CF5,2021,302960,1373
CF5,2022,319079,1239
CF5,2023,303896,1090
CF5,2024,304776,1009
CF61,2020,260732,214
CF61,2021,277349,218
CF61,2022,330123,167
CF61,2023,314358,99
CF61,2024,312850,106
CF62,2020,230025,749
CF62,2021,239769,1012
CF62,2022,279026,760
CF62,2023,265882,615
CF62,2024,271655,648
CF63,2020,162943,305
CF63,2021,180868,449
CF63,2022,200429,416
CF63,2023,201107,331
CF63,2024,206743,334
CF64,2020,330214,649
CF64,2021,356605,927
CF64,2022,392872,755
CF64,2023,405574,549
CF64,2024,381008,612
CF7,2022,557166,1
CF71,2020,421042,165
CF71,2021,485610,251
CF71,2022,522458,200
CF71,2023,534161,158
CF71,2024,759073,181
CF72,2020,222560,427
CF72,2021,253381,692
CF72,2022,267216,522
CF72,2023,292196,437
CF72,2024,287186,566
CF8,2022,148000,1
CF81,2020,124799,225
CF81,2021,131771,263
CF81,2022,154844,267
CF81,2023,143487,222
CF81,2024,166094,179
CF82,2020,152379,205
CF82,2021,224054,399
CF82,2022,232038,300
CF82,2023,209392,272
CF82,2024,197718,245
CF83,2020,197682,668
CF83,2021,219945,1031
CF83,2022,231340,874
CF83,2023,230091,725
CF83,2024,245368,857
CH1,2020,247568,483
CH1,2021,311478,809
CH1,2022,282604,685
CH1,2023,329494,587
CH1,2024,276684,548
CH2,2020,304152,564
CH2,2021,276300,854
CH2,2022,316997,636
CH2,2023,306096,489
CH2,2024,366059,563
CH3,2020,337121,627
CH3,2021,346075,862
CH3,2022,365218,661
CH3,2023,409411,497
CH3,2024,402021,623
CH4,2020,286558,567
CH4,2021,292349,911
CH4,2022,333048,762
CH4,2023,338277,680
CH4,2024,333527,625
CH41,2020,112279,451
CH41,2021,138780,445
CH41,2022,154590,451
CH41,2023,167361,322
CH41,2024,158227,347
CH42,2020,172051,439
CH42,2021,161040,611
CH42,2022,154025,586
CH42,2023,146624,472
CH42,2024,168526,462
CH43,2020,215830,582
CH43,2021,248830,780
CH43,2022,238167,701
CH43,2023,233644,502
CH43,2024,232162,578
CH44,2020,133845,428
CH44,2021,136334,633
CH44,2022,142944,581
CH44,2023,140309,420
CH44,2024,139481,508
CH45,2020,175814,478
CH45,2021,198176,693
CH45,2022,224004,612
CH45,2023,198254,380
CH45,2024,214297,555
CH46,2020,160225,303
CH46,2021,182578,451
CH46,2022,205324,484
CH46,2023,200422,375
CH46,2024,210970,420
CH47,2020,291644,205
CH47,2021,358661,303
CH47,2022,363611,223
CH47,2023,345638,174
CH47,2024,356935,184
CH48,2020,406975,242
CH48,2021,415349,384
CH48,2022,465366,308
CH48,2023,495717,225
CH48,2024,470647,289
CH49,2020,213274,430
CH49,2021,224517,560
CH49,2022,229213,489
CH49,2023,238146,362
CH49,2024,246995,455
CH5,2020,230505,578
CH5,2021,246113,899
CH5,2022,246107,690
CH5,2023,233577,568
CH5,2024,237480,617
CH6,2020,157878,277
CH6,2021,177905,307
CH6,2022,188026,292
CH6,2023,203993,213
CH6,2024,208371,232
CH60,2020,424180,267
CH60,2021,441425,356
CH60,2022,468153,267
CH60,2023,452675,198
CH60,2024,489214,236
CH61,2020,244374,291
CH61,2021,278451,379
CH61,2022,297137,285
CH61,2023,297870,244
CH61,2024,286801,291
CH62,2020,213341,506
CH62,2021,286182,692
CH62,2022,442768,601
CH62,2023,247663,484
CH62,2024,234264,445
CH63,2020,254453,401
CH63,2021,268546,582
CH63,2022,279239,464
CH63,2023,258473,388
CH63,2024,269903,418
CH64,2020,320376,323
CH64,2021,375654,433
CH64,2022,373968,290
CH64,2023,374645,251
CH64,2024,380108,307
CH65,2020,255012,356
CH65,2021,181294,543
CH65,2022,231691,519
CH65,2023,236583,480
CH65,2024,225842,484
CH66,2020,209770,665
CH66,2021,231095,806
CH66,2022,259888,606
CH66,2023,239475,622
CH66,2024,251434,542
CH7,2020,221107,772
CH7,2021,235227,1103
CH7,2022,269453,824
CH7,2023,240913,654
CH7,2024,249695,747
CH8,2020,183840,249
CH8,2021,218478,363
CH8,2022,221127,360
CH8,2023,234603,279
CH8,2024,215473,289
CH88,2024,5000000,1
CM0,2020,357480,419
CM0,2021,386329,555
CM0,2022,408671,394
CM0,2023,375808,248
CM0,2024,392067,308
CM1,2020,490021,1017
CM1,2021,448875,1509
CM1,2022,486177,1459
CM1,2023,433162,1130
CM1,2024,420141,1149
CM11,2020,516717,261
CM11,2021,529690,426
CM11,2022,617800,339
CM11,2023,598486,206
CM11,2024,643739,297
CM12,2020,505152,337
CM12,2021,532809,506
CM12,2022,544645,422
CM12,2023,522574,295
CM12,2024,548313,331
CM13,2020,679757,364
CM13,2021,665108,583
CM13,2022,557564,559
CM13,2023,586972,562
CM13,2024,730108,400
CM14,2020,600595,387
CM14,2021,481692,667
CM14,2022,453820,551
CM14,2023,445927,395
CM14,2024,467906,418
CM15,2020,670021,374
CM15,2021,601040,522
CM15,2022,620811,549
CM15,2023,558013,357
CM15,2024,658014,370
CM16,2020,612604,335
CM16,2021,631823,528
CM16,2022,687758,427
CM16,2023,710534,282
CM16,2024,760311,355
CM17,2020,384904,543
CM17,2021,409438,835
CM17,2022,411836,555
CM17,2023,410037,376
CM17,2024,413013,420
CM18,2020,287992,292
CM18,2021,284679,367
CM18,2022,336607,311
CM18,2023,306122,237
CM18,2024,306430,270
CM19,2020,359819,236
CM19,2021,386506,309
CM19,2022,529518,258
CM19,2023,486593,210
CM19,2024,444700,245
CM2,2020,433339,881
CM2,2021,461616,1402
CM2,2022,447818,1187
CM2,2023,468136,859
CM2,2024,407190,931
CM20,2020,433626,276
CM20,2021,344083,448
CM20,2022,399285,458
CM20,2023,288782,470
CM20,2024,349061,385
CM21,2020,451179,201
CM21,2021,480935,294
CM21,2022,519680,290
CM21,2023,502792,219
CM21,2024,494188,226
CM22,2020,529504,233
CM22,2021,587691,326
CM22,2022,602192,215
CM22,2023,638984,210
CM22,2024,606686,340
CM23,2020,451399,823
CM23,2021,515930,1103
CM23,2022,546366,1068
CM23,2023,516792,803
CM23,2024,506294,762
CM24,2020,571958,150
CM24,2021,454997,216
CM24,2022,557176,135
CM24,2023,496767,94
CM24,2024,681436,141
CM3,2020,450812,878
CM3,2021,483289,1313
CM3,2022,535404,1025
CM3,2023,512271,792
CM3,2024,535659,819
CM4,2020,724272,190
CM4,2021,783994,260
CM4,2022,870115,172
CM4,2023,878316,134
CM4,2024,836189,223
CM5,2020,608753,201
CM5,2021,579719,223
CM5,2022,604590,183
CM5,2023,549277,159
CM5,2024,669849,152
CM6,2020,476590,515
CM6,2021,506757,805
CM6,2022,554080,603
CM6,2023,552504,529
CM6,2024,543314,629
CM7,2020,338488,843
CM7,2021,351414,1207
CM7,2022,351423,1013
CM7,2023,347027,743
CM7,2024,382618,880
CM77,2020,855623,246
CM77,2021,502890,374
CM77,2022,548931,283
CM77,2023,456991,233
CM77,2024,542681,232
CM8,2020,368834,663
CM8,2021,377049,1000
CM8,2022,376423,839
CM8,2023,408054,666
CM8,2024,377280,610
CM9,2020,390078,643
CM9,2021,409738,832
CM9,2022,410567,691
CM9,2023,392576,586
CM9,2024,418600,605
CM92,2024,3300000,1
CO1,2020,300277,291
CO1,2021,355813,539
CO1,2022,289763,546
CO1,2023,246420,352
CO1,2024,277351,364
CO10,2020,341713,874
CO10,2021,407256,1363
CO10,2022,388274,1047
CO10,2023,380222,811
CO10,2024,351561,801
CO11,2020,399061,339
CO11,2021,355581,514
CO11,2022,404693,428
CO11,2023,406653,330
CO11,2024,396105,414
CO12,2020,217334,371
CO12,2021,262740,556
CO12,2022,274308,501
CO12,2023,250472,335
CO12,2024,261985,451
CO13,2020,333561,333
CO13,2021,389169,513
CO13,2022,359678,420
CO13,2023,396653,312
CO13,2024,391234,338
CO14,2020,242315,210
CO14,2021,258446,260
CO14,2022,256099,177
CO14,2023,271223,103
CO14,2024,265162,141
CO15,2020,255724,868
CO15,2021,225921,1310
CO15,2022,302133,1037
CO15,2023,269496,808
CO15,2024,241434,956
CO16,2020,279982,584
CO16,2021,315173,881
CO16,2022,325375,693
CO16,2023,328661,413
CO16,2024,307213,455
CO2,2020,259673,627
CO2,2021,273131,895
CO2,2022,302557,751
CO2,2023,308173,591
CO2,2024,300997,534
CO3,2020,365545,648
CO3,2021,364270,951
CO3,2022,399919,681
CO3,2023,396692,588
CO3,2024,380733,611
CO4,2020,382108,830
CO4,2021,333777,1285
CO4,2022,353126,933
CO4,2023,395831,689
CO4,2024,362225,782
CO5,2020,382513,540
CO5,2021,410224,772
CO5,2022,433413,608
CO5,2023,415764,472
CO5,2024,425427,571
CO6,2020,452940,496
CO6,2021,458720,747
CO6,2022,493774,581
CO6,2023,486529,419
CO6,2024,434660,431
CO7,2020,350464,681
CO7,2021,382414,1071
CO7,2022,413399,905
CO7,2023,416857,654
CO7,2024,396697,709
CO8,2020,524779,36
CO8,2021,507240,52
CO8,2022,851094,39
CO8,2023,459008,24
CO8,2024,440250,30
CO9,2020,347809,507
CO9,2021,363124,787
CO9,2022,391608,509
CO9,2023,391159,429
CO9,2024,422445,432
CR0,2020,480140,1710
CR0,2021,452453,2680
CR0,2022,550373,2204
CR0,2023,715254,1665
CR0,2024,473491,1957
CR2,2020,467257,760
CR2,2021,498429,1083
CR2,2022,494326,950
CR2,2023,529135,640
CR2,2024,486494,747
CR3,2020,520328,513
CR3,2021,527184,714
CR3,2022,518127,637
CR3,2023,548836,434
CR3,2024,505497,501
CR4,2020,404124,622
CR4,2021,402039,789
CR4,2022,479703,651
CR4,2023,417063,518
CR4,2024,412728,549
CR5,2020,525978,557
CR5,2021,528756,753
CR5,2022,596612,525
CR5,2023,574015,369
CR5,2024,610957,455
CR6,2020,582286,186
CR6,2021,571946,290
CR6,2022,617102,221
CR6,2023,542850,133
CR6,2024,575988,161
CR7,2020,352977,419
CR7,2021,473500,617
CR7,2022,406314,461
CR7,2023,408824,390
CR7,2024,377532,440
CR8,2020,639188,587
CR8,2021,565351,974
CR8,2022,623766,802
CR8,2023,547654,555
CR8,2024,589711,567
CR9,2021,11090000,2
CR9,2022,24942066,4
CR9,2023,4333333,3
CR9,2024,4975000,4
CT1,2020,444360,412
CT1,2021,359553,701
CT1,2022,311761,730
CT1,2023,366158,561
CT1,2024,313037,507
CT10,2020,400649,431
CT10,2021,434064,749
CT10,2022,452177,496
CT10,2023,1198741,424
CT10,2024,421762,442
CT11,2020,240656,515
CT11,2021,290339,943
CT11,2022,303695,700
CT11,2023,322142,472
CT11,2024,272213,542
CT12,2020,294619,275
CT12,2021,349086,449
CT12,2022,338041,344
CT12,2023,306784,254
CT12,2024,304892,348
CT13,2020,392898,156
CT13,2021,410176,246
CT13,2022,428586,282
CT13,2023,466767,161
CT13,2024,386553,199
CT14,2020,346490,679
CT14,2021,365774,983
CT14,2022,403670,726
CT14,2023,386802,556
CT14,2024,360045,723
CT15,2020,409305,156
CT15,2021,422305,302
CT15,2022,480014,227
CT15,2023,431156,179
CT15,2024,440596,172
CT16,2020,243317,381
CT16,2021,283247,569
CT16,2022,292832,541
CT16,2023,270661,364
CT16,2024,301894,456
CT17,2020,206744,313
CT17,2021,244906,470
CT17,2022,261442,374
CT17,2023,214400,270
CT17,2024,229014,332
CT18,2020,349932,271
CT18,2021,361759,385
CT18,2022,397932,289
CT18,2023,381976,200
CT18,2024,401218,277
CT19,2020,265961,412
CT19,2021,288877,531
CT19,2022,302595,428
CT19,2023,308590,394
CT19,2024,296183,419
CT2,2020,336657,335
CT2,2021,382809,533
CT2,2022,390163,452
CT2,2023,395749,393
CT2,2024,474803,392
CT20,2020,280938,438
CT20,2021,327282,800
CT20,2022,306146,673
CT20,2023,311974,584
CT20,2024,306815,565
CT21,2020,794899,352
CT21,2021,522175,529
CT21,2022,724588,369
CT21,2023,527979,359
CT21,2024,418968,313
CT3,2020,340560,336
CT3,2021,388739,618
CT3,2022,454118,465
CT3,2023,398601,332
CT3,2024,411695,370
CT4,2020,572593,301
CT4,2021,495698,405
CT4,2022,492379,268
CT4,2023,514358,208
CT4,2024,544123,240
CT5,2020,412698,638
CT5,2021,430955,931
CT5,2022,465385,613
CT5,2023,506028,485
CT5,2024,469218,580
CT6,2020,317721,668
CT6,2021,403043,939
CT6,2022,367012,810
CT6,2023,359120,625
CT6,2024,367081,737
CT7,2020,318491,261
CT7,2021,358212,335
CT7,2022,381995,274
CT7,2023,344339,202
CT7,2024,339736,199
CT8,2020,237035,145
CT8,2021,318612,221
CT8,2022,321222,189
CT8,2023,329285,127
CT8,2024,294151,181
CT9,2020,246088,828
CT9,2021,288919,1178
CT9,2022,296960,1011
CT9,2023,306905,672
CT9,2024,298033,747
CV1,2020,359611,262
CV1,2021,415865,361
CV1,2022,1447117,395
CV1,2023,321352,269
CV1,2024,250064,300
CV10,2020,230571,937
CV10,2021,259521,1284
CV10,2022,275543,1117
CV10,2023,239661,760
CV10,2024,241650,873
CV11,2020,288313,824
CV11,2021,294995,976
CV11,2022,294994,926
CV11,2023,280481,764
CV11,2024,283053,899
CV12,2020,199487,427
CV12,2021,220398,611
CV12,2022,230438,568
CV12,2023,238799,464
CV12,2024,242028,508
CV13,2020,397994,165
CV13,2021,473559,233
CV13,2022,498997,168
CV13,2023,440866,163
CV13,2024,435273,238
CV2,2020,190036,750
CV2,2021,247344,1085
CV2,2022,203859,883
CV2,2023,416099,834
CV2,2024,279581,855
CV21,2020,272711,775
CV21,2021,257543,902
CV21,2022,373850,735
CV21,2023,283066,582
CV21,2024,296550,687
CV22,2020,315379,615
CV22,2021,327207,832
CV22,2022,328745,653
CV22,2023,317537,722
CV22,2024,327591,746
CV23,2020,339917,683
CV23,2021,358301,852
CV23,2022,655626,688
CV23,2023,385344,594
CV23,2024,477391,648
CV3,2020,244581,887
CV3,2021,292122,1264
CV3,2022,297966,1053
CV3,2023,303844,793
CV3,2024,338117,919
CV31,2020,303678,427
CV31,2021,312257,763
CV31,2022,334875,538
CV31,2023,325833,465
CV31,2024,372173,459
CV32,2020,404874,516
CV32,2021,415387,783
CV32,2022,438397,627
CV32,2023,432120,606
CV32,2024,463905,615
CV33,2020,376166,213
CV33,2021,396811,290
CV33,2022,381082,351
CV33,2023,419458,252
CV33,2024,400547,244
CV34,2020,658961,634
CV34,2021,402320,966
CV34,2022,380063,803
CV34,2023,393320,682
CV34,2024,460182,853
CV35,2020,431233,483
CV35,2021,510161,703
CV35,2022,517667,613
CV35,2023,522949,429
CV35,2024,492009,500
CV36,2020,441660,298
CV36,2021,500091,325
CV36,2022,598144,244
CV36,2023,533473,176
CV36,2024,554118,190
CV37,2020,502198,900
CV37,2021,481220,1364
CV37,2022,476212,1309
CV37,2023,452290,1091
CV37,2024,443721,1186
CV4,2020,324784,456
CV4,2021,318503,660
CV4,2022,299007,606
CV4,2023,563803,356
CV4,2024,283891,426
CV47,2020,327742,519
CV47,2021,346583,660
CV47,2022,375905,598
CV47,2023,377467,305
CV47,2024,383416,359
CV5,2020,254036,755
CV5,2021,271234,1110
CV5,2022,276064,979
CV5,2023,282297,763
CV5,2024,277599,846
CV6,2020,204385,1146
CV6,2021,260722,1500
CV6,2022,291315,1388
CV6,2023,227498,1189
CV6,2024,232596,1353
CV7,2020,350341,378
CV7,2021,395472,656
CV7,2022,402700,713
CV7,2023,353344,531
CV7,2024,398497,549
CV8,2020,478538,505
CV8,2021,487339,807
CV8,2022,588966,547
CV8,2023,436538,474
CV8,2024,436800,604
CV9,2020,262358,300
CV9,2021,293528,574
CV9,2022,360281,348
CV9,2023,303475,277
CV9,2024,319033,298
CW1,2020,179764,778
CW1,2021,208401,1137
CW1,2022,209137,984
CW1,2023,225167,784
CW1,2024,221359,803
CW10,2020,295117,320
CW10,2021,286196,381
CW10,2022,386222,349
CW10,2023,364339,333
CW10,2024,320221,293
CW11,2020,292956,679
CW11,2021,298166,866
CW11,2022,307667,668
CW11,2023,301050,511
CW11,2024,324759,484
CW12,2020,269519,838
CW12,2021,303149,1018
CW12,2022,308454,908
CW12,2023,301547,788
CW12,2024,328427,792
CW2,2020,204910,779
CW2,2021,245727,1220
CW2,2022,251559,1010
CW2,2023,227668,777
CW2,2024,262733,736
CW3,2020,305517,214
CW3,2021,325934,242
CW3,2022,358350,175
CW3,2023,337778,145
CW3,2024,368398,147
CW4,2020,381876,214
CW4,2021,442170,308
CW4,2022,433037,287
CW4,2023,382859,223
CW4,2024,444703,221
CW5,2020,283096,812
CW5,2021,315296,1081
CW5,2022,336900,842
CW5,2023,345027,672
CW5,2024,378027,714
CW6,2020,428724,255
CW6,2021,516973,368
CW6,2022,545978,283
CW6,2023,526176,223
CW6,2024,532390,275
CW7,2020,193820,511
CW7,2021,227055,747
CW7,2022,245975,794
CW7,2023,219904,565
CW7,2024,214518,488
CW8,2020,274297,775
CW8,2021,295476,1136
CW8,2022,306193,960
CW8,2023,302298,760
CW8,2024,303680,764
CW9,2020,265036,620
CW9,2021,275340,823
CW9,2022,268281,673
CW9,2023,272749,581
CW9,2024,281077,660
DA1,2020,453927,1042
DA1,2021,356620,1281
DA1,2022,354133,1082
DA1,2023,473474,833
DA1,2024,364878,938
DA10,2020,375665,265
DA10,2021,369254,370
DA10,2022,390510,496
DA10,2023,396519,472
DA10,2024,370671,347
DA11,2020,330810,512
DA11,2021,407828,783
DA11,2022,398364,738
DA11,2023,348880,567
DA11,2024,465180,564
DA12,2020,320793,500
DA12,2021,340532,752
DA12,2022,354269,668
DA12,2023,380979,472
DA12,2024,347612,550
DA13,2020,482529,172
DA13,2021,496673,268
DA13,2022,544736,208
DA13,2023,533274,147
DA13,2024,529451,170
DA14,2020,681396,352
DA14,2021,421104,497
DA14,2022,670367,403
DA14,2023,494389,335
DA14,2024,431613,404
DA15,2020,438254,435
DA15,2021,442319,638
DA15,2022,498044,507
DA15,2023,459118,363
DA15,2024,485217,434
DA16,2020,397206,414
DA16,2021,420712,620
DA16,2022,440867,466
DA16,2023,427563,383
DA16,2024,443384,471
DA17,2020,364050,234
DA17,2021,1041196,379
DA17,2022,451292,294
DA17,2023,378363,237
DA17,2024,394860,248
DA18,2020,273179,14
DA18,2021,240846,13
DA18,2022,286368,22
DA18,2023,355525,20
DA18,2024,372286,14
DA2,2020,451718,319
DA2,2021,457393,466
DA2,2022,537562,370
DA2,2023,450968,268
DA2,2024,480796,331
DA3,2020,458955,199
DA3,2021,473447,342
DA3,2022,489595,288
DA3,2023,543303,225
DA3,2024,641782,252
DA4,2020,394305,153
DA4,2021,424348,238
DA4,2022,452124,187
DA4,2023,416712,120
DA4,2024,407986,149
DA5,2020,464765,318
DA5,2021,512445,442
DA5,2022,532422,337
DA5,2023,528089,229
DA5,2024,549048,312
DA6,2020,423207,179
DA6,2021,394510,421
DA6,2022,601086,250
DA6,2023,414220,244
DA6,2024,414195,178
DA7,2020,406455,454
DA7,2021,425103,655
DA7,2022,460568,522
DA7,2023,455077,402
DA7,2024,445630,483
DA8,2020,344841,474
DA8,2021,390906,632
DA8,2022,487902,620
DA8,2023,355660,347
DA8,2024,346303,359
DA9,2020,445408,287
DA9,2021,697854,432
DA9,2022,337200,282
DA9,2023,426244,313
DA9,2024,332304,287
DE1,2020,213313,262
DE1,2021,336326,430
DE1,2022,359498,368
DE1,2023,226124,608
DE1,2024,236651,606
DE11,2020,195699,920
DE11,2021,226952,1196
DE11,2022,252628,1083
DE11,2023,229934,890
DE11,2024,250545,904
DE12,2020,266852,421
DE12,2021,600585,531
DE12,2022,321222,361
DE12,2023,284832,262
DE12,2024,291670,295
DE13,2020,323194,809
DE13,2021,308405,1250
DE13,2022,326071,993
DE13,2023,312176,780
DE13,2024,328335,862
DE14,2020,277223,535
DE14,2021,208429,727
DE14,2022,271896,858
DE14,2023,273461,796
DE14,2024,218597,651
DE15,2020,235319,444
DE15,2021,256667,647
DE15,2022,286751,442
DE15,2023,257925,355
DE15,2024,229267,373
DE21,2020,201208,883
DE21,2021,244531,1169
DE21,2022,285802,955
DE21,2023,249221,764
DE21,2024,282781,744
DE22,2020,224655,768
DE22,2021,259406,1196
DE22,2022,251508,924
DE22,2023,257395,803
DE22,2024,287513,829
DE23,2020,211504,734
DE23,2021,224338,951
DE23,2022,234313,784
DE23,2023,224816,595
DE23,2024,239050,596
DE24,2020,180335,856
DE24,2021,179888,1068
DE24,2022,243514,951
DE24,2023,247329,901
DE24,2024,225436,954
DE3,2020,274073,503
DE3,2021,263227,662
DE3,2022,294961,587
DE3,2023,304070,439
DE3,2024,306530,468
DE4,2020,304672,593
DE4,2021,313886,813
DE4,2022,350362,647
DE4,2023,326555,558
DE4,2024,384882,620
DE45,2020,464401,134
DE45,2021,475220,169
DE45,2022,489981,142
DE45,2023,474449,140
DE45,2024,463927,152
DE5,2020,216469,421
DE5,2021,206847,510
DE5,2022,220955,536
DE5,2023,222942,408
DE5,2024,230645,474
DE55,2020,215514,978
DE55,2021,246643,1225
DE55,2022,240773,1131
DE55,2023,281643,885
DE55,2024,296007,1037
DE56,2020,282239,685
DE56,2021,303722,931
DE56,2022,324665,813
DE56,2023,305236,665
DE56,2024,320925,713
DE6,2020,349408,540
DE6,2021,374596,804
DE6,2022,440496,563
DE6,2023,420310,421
DE6,2024,399613,427
DE65,2020,263171,502
DE65,2021,309412,791
DE65,2022,284400,681
DE65,2023,326513,429
DE65,2024,317566,509
DE7,2020,195580,992
DE7,2021,204722,1156
DE7,2022,212919,989
DE7,2023,238917,785
DE7,2024,229468,834
DE72,2020,297997,325
DE72,2021,304072,451
DE72,2022,320067,370
DE72,2023,331074,287
DE72,2024,299061,332
DE73,2020,287614,325
DE73,2021,305667,539
DE73,2022,314999,420
DE73,2023,352150,335
DE73,2024,318930,398
DE74,2020,378848,295
DE74,2021,753484,378
DE74,2022,440111,405
DE74,2023,1404627,305
DE74,2024,321699,328
DE75,2020,160691,301
DE75,2021,190407,389
DE75,2022,210988,420
DE75,2023,218997,339
DE75,2024,274055,307
DG16,2020,257500,2
DG16,2021,460000,2
DG16,2022,448500,1
DH1,2020,352223,642
DH1,2021,274048,991
DH1,2022,378098,837
DH1,2023,408249,731
DH1,2024,262591,759
DH13,2020,73000,1
DH2,2020,175601,434
DH2,2021,151431,680
DH2,2022,167513,635
DH2,2023,159127,507
DH2,2024,169858,540
DH3,2020,219022,535
DH3,2021,214019,624
DH3,2022,183607,512
DH3,2023,177573,452
DH3,2024,194447,526
DH4,2020,169059,594
DH4,2021,170328,851
DH4,2022,176884,754
DH4,2023,166093,586
DH4,2024,178456,654
DH5,2020,204519,378
DH5,2021,141006,500
DH5,2022,145806,538
DH5,2023,133833,387
DH5,2024,137134,427
DH6,2020,190061,642
DH6,2021,142909,870
DH6,2022,145263,914
DH6,2023,137980,758
DH6,2024,147275,753
DH7,2020,183226,691
DH7,2021,160782,848
DH7,2022,161096,874
DH7,2023,155319,662
DH7,2024,167390,740
DH8,2020,171575,659
DH8,2021,160901,883
DH8,2022,149069,833
DH8,2023,160208,681
DH8,2024,165536,732
DH9,2020,134613,613
DH9,2021,103240,774
DH9,2022,111317,851
DH9,2023,106952,696
DH9,2024,106239,694
DL1,2020,205983,730
DL1,2021,132968,1052
DL1,2022,141276,858
DL1,2023,144305,820
DL1,2024,156165,873
DL10,2020,272154,307
DL10,2021,289543,401
DL10,2022,320367,301
DL10,2023,303436,301
DL10,2024,322869,296
DL11,2020,330644,89
DL11,2021,355288,147
DL11,2022,448245,97
DL11,2023,400357,95
DL11,2024,433543,74
DL12,2020,234270,229
DL12,2021,264048,301
DL12,2022,285954,223
DL12,2023,294674,227
DL12,2024,277334,262
DL13,2020,223602,199
DL13,2021,205758,318
DL13,2022,210227,231
DL13,2023,190634,195
DL13,2024,276492,244
DL14,2020,135142,712
DL14,2021,162661,981
DL14,2022,127853,971
DL14,2023,115679,929
DL14,2024,124701,946
DL15,2020,208956,377
DL15,2021,136538,497
DL15,2022,134989,423
DL15,2023,124855,405
DL15,2024,124936,432
DL16,2020,161338,479
DL16,2021,137119,689
DL16,2022,143348,562
DL16,2023,173281,435
DL16,2024,151689,463
DL17,2020,155448,455
DL17,2021,107642,546
DL17,2022,99952,498
DL17,2023,89847,422
DL17,2024,95203,520
DL2,2020,258413,438
DL2,2021,298171,701
DL2,2022,277280,675
DL2,2023,316661,467
DL2,2024,267631,568
DL3,2020,220739,781
DL3,2021,175420,1148
DL3,2022,178340,951
DL3,2023,196062,816
DL3,2024,217342,826
DL4,2020,117916,224
DL4,2021,85792,254
DL4,2022,88902,268
DL4,2023,93976,283
DL4,2024,70830,277
DL5,2020,167306,476
DL5,2021,169355,638
DL5,2022,157178,543
DL5,2023,147046,507
DL5,2024,162193,460
DL6,2020,259943,253
DL6,2021,309502,415
DL6,2022,288922,322
DL6,2023,309549,273
DL6,2024,288634,378
DL7,2020,261982,214
DL7,2021,324308,340
DL7,2022,268958,240
DL7,2023,292138,247
DL7,2024,388956,253
DL8,2020,290217,369
DL8,2021,335560,499
DL8,2022,350876,419
DL8,2023,374318,367
DL8,2024,367415,383
DL9,2020,160152,110
DL9,2021,218390,158
DL9,2022,246824,210
DL9,2023,190786,138
DL9,2024,202074,150
DN1,2020,148509,149
DN1,2021,209317,228
DN1,2022,176766,204
DN1,2023,170862,236
DN1,2024,188718,205
DN10,2020,275959,233
DN10,2021,285860,305
DN10,2022,298954,260
DN10,2023,309470,220
DN10,2024,327353,213
DN11,2020,187121,572
DN11,2021,259086,741
DN11,2022,211233,675
DN11,2023,209072,641
DN11,2024,205100,779
DN12,2020,136455,333
DN12,2021,135238,509
DN12,2022,137389,476
DN12,2023,132793,366
DN12,2024,152601,342
DN14,2020,233838,784
DN14,2021,223105,1269
DN14,2022,290782,1064
DN14,2023,227401,922
DN14,2024,230010,905
DN15,2020,182339,473
DN15,2021,192980,642
DN15,2022,181871,624
DN15,2023,189246,536
DN15,2024,189919,574
DN16,2020,148368,495
DN16,2021,148954,669
DN16,2022,166384,625
DN16,2023,161848,486
DN16,2024,164672,486
DN17,2020,157738,475
DN17,2021,177103,754
DN17,2022,190466,655
DN17,2023,192243,471
DN17,2024,189718,498
DN18,2020,182425,230
DN18,2021,186363,340
DN18,2022,196604,282
DN18,2023,191840,218
DN18,2024,201508,252
DN19,2020,205654,87
DN19,2021,219817,119
DN19,2022,239576,139
DN19,2023,221971,96
DN19,2024,232672,119
DN2,2020,165191,336
DN2,2021,191323,537
DN2,2022,190302,551
DN2,2023,184546,385
DN2,2024,206745,380
DN20,2020,223567,317
DN20,2021,225039,396
DN20,2022,218829,383
DN20,2023,235966,315
DN20,2024,233252,376
DN21,2020,164101,700
DN21,2021,178439,1058
DN21,2022,196937,1021
DN21,2023,201886,763
DN21,2024,203278,758
DN22,2020,227764,665
DN22,2021,249483,878
DN22,2022,255363,794
DN22,2023,230971,694
DN22,2024,253502,658
DN3,2020,173764,487
DN3,2021,232845,632
DN3,2022,213945,537
DN3,2023,200235,508
DN3,2024,220714,656
DN31,2020,81922,190
DN31,2021,94312,288
DN31,2022,224488,293
DN31,2023,98810,238
DN31,2024,97648,306
DN32,2020,106645,441
DN32,2021,122205,669
DN32,2022,118760,650
DN32,2023,164395,521
DN32,2024,113211,535
DN33,2020,164652,354
DN33,2021,175356,497
DN33,2022,225890,350
DN33,2023,178016,252
DN33,2024,181151,405
DN34,2020,124407,299
DN34,2021,131643,438
DN34,2022,145998,371
DN34,2023,135491,256
DN34,2024,136571,298
DN35,2020,159655,538
DN35,2021,158100,798
DN35,2022,169407,751
DN35,2023,154647,605
DN35,2024,160219,620
DN36,2020,219504,516
DN36,2021,241430,715
DN36,2022,253503,613
DN36,2023,242038,353
DN36,2024,263341,418
DN37,2020,213630,309
DN37,2021,210696,439
DN37,2022,222588,375
DN37,2023,218165,317
DN37,2024,254113,367
DN38,2020,226442,44
DN38,2021,241969,58
DN38,2022,257935,66
DN38,2023,238834,31
DN38,2024,231041,48
DN39,2020,257595,49
DN39,2021,272849,78
DN39,2022,281428,78
DN39,2023,250974,61
DN39,2024,251251,43
DN4,2020,198823,920
DN4,2021,188176,1383
DN4,2022,194582,1336
DN4,2023,226760,905
DN4,2024,206224,1009
DN40,2020,149231,213
DN40,2021,153940,297
DN40,2022,156505,233
DN40,2023,170601,201
DN40,2024,177398,206
DN41,2020,205097,127
DN41,2021,246424,175
DN41,2022,230110,139
DN41,2023,260983,91
DN41,2024,255627,122
DN5,2020,174738,646
DN5,2021,176593,782
DN5,2022,183554,617
DN5,2023,186587,578
DN5,2024,247639,638
DN6,2020,153351,456
DN6,2021,314283,656
DN6,2022,210443,570
DN6,2023,172478,438
DN6,2024,179557,432
DN7,2020,170445,357
DN7,2021,190722,519
DN7,2022,186043,585
DN7,2023,217833,487
DN7,2024,181510,393
DN8,2020,138480,304
DN8,2021,151614,335
DN8,2022,174934,331
DN8,2023,154721,271
DN8,2024,164953,270
DN9,2020,250409,355
DN9,2021,271646,506
DN9,2022,298609,463
DN9,2023,253800,332
DN9,2024,307886,335
DT1,2020,317980,382
DT1,2021,352823,631
DT1,2022,365399,598
DT1,2023,408522,459
DT1,2024,363609,478
DT10,2020,483161,238
DT10,2021,429890,358
DT10,2022,480872,225
DT10,2023,417841,216
DT10,2024,414189,234
DT11,2020,403928,428
DT11,2021,383326,641
DT11,2022,447825,546
DT11,2023,386658,441
DT11,2024,392005,480
DT2,2020,398498,431
DT2,2021,436048,623
DT2,2022,467684,472
DT2,2023,475539,414
DT2,2024,424758,423
DT3,2020,340942,461
DT3,2021,337758,552
DT3,2022,385007,466
DT3,2023,388688,389
DT3,2024,371251,459
DT4,2020,273767,686
DT4,2021,291696,990
DT4,2022,292854,865
DT4,2023,293680,749
DT4,2024,284422,733
DT5,2020,211534,273
DT5,2021,221568,376
DT5,2022,239601,310
DT5,2023,251079,236
DT5,2024,255377,224
DT6,2020,368138,411
DT6,2021,434716,586
DT6,2022,451449,485
DT6,2023,428393,393
DT6,2024,431161,368
DT7,2020,403812,178
DT7,2021,481431,192
DT7,2022,505110,150
DT7,2023,509089,134
DT7,2024,549116,141
DT8,2020,398621,135
DT8,2021,413687,152
DT8,2022,438670,136
DT8,2023,431700,117
DT8,2024,423037,94
DT9,2020,373798,394
DT9,2021,398822,661
DT9,2022,456517,443
DT9,2023,459825,333
DT9,2024,388584,401
DY1,2020,169586,364
DY1,2021,231638,469
DY1,2022,209115,400
DY1,2023,235038,324
DY1,2024,208903,367
DY10,2020,245259,525
DY10,2021,247491,671
DY10,2022,270606,746
DY10,2023,364474,583
DY10,2024,276346,628
DY11,2020,238663,480
DY11,2021,243626,620
DY11,2022,341847,451
DY11,2023,266141,384
DY11,2024,299332,462
DY12,2020,400420,155
DY12,2021,328842,241
DY12,2022,349948,170
DY12,2023,365604,164
DY12,2024,331211,159
DY13,2020,245496,324
DY13,2021,266955,510
DY13,2022,306405,416
DY13,2023,265803,351
DY13,2024,262460,434
DY14,2020,356622,106
DY14,2021,356790,185
DY14,2022,448306,122
DY14,2023,502350,74
DY14,2024,385192,91
DY2,2020,230966,378
DY2,2021,171129,475
DY2,2022,183684,413
DY2,2023,184781,326
DY2,2024,202097,386
DY3,2020,234354,453
DY3,2021,228726,687
DY3,2022,243845,497
DY3,2023,228536,396
DY3,2024,262525,415
DY4,2020,147122,415
DY4,2021,203464,590
DY4,2022,195175,489
DY4,2023,222871,441
DY4,2024,223032,554
DY5,2020,213480,525
DY5,2021,210097,702
DY5,2022,200432,667
DY5,2023,218641,472
DY5,2024,303101,544
DY6,2020,240489,493
DY6,2021,261138,728
DY6,2022,279772,421
DY6,2023,264997,342
DY6,2024,282178,445
DY7,2020,426897,95
DY7,2021,402824,179
DY7,2022,451226,147
DY7,2023,446082,93
DY7,2024,405663,116
DY8,2020,243246,811
DY8,2021,254089,1128
DY8,2022,281705,902
DY8,2023,278823,758
DY8,2024,287621,865
DY9,2020,340078,398
DY9,2021,352946,566
DY9,2022,344392,490
DY9,2023,360613,357
DY9,2024,396539,393
E1,2020,1002810,689
E1,2021,1933422,822
E1,2022,731470,795
E1,2023,594128,671
E1,2024,1189552,539
E10,2020,477052,550
E10,2021,465347,669
E10,2022,584329,576
E10,2023,520191,494
E10,2024,514991,543
E11,2020,547056,523
E11,2021,555213,985
E11,2022,604422,741
E11,2023,617431,603
E11,2024,629468,656
E12,2020,432255,181
E12,2021,458618,279
E12,2022,527557,254
E12,2023,473407,167
E12,2024,489805,192
E13,2020,407691,342
E13,2021,418554,500
E13,2022,432909,380
E13,2023,465932,298
E13,2024,371941,282
E14,2020,1933241,2466
E14,2021,751486,3128
E14,2022,678239,2425
E14,2023,730065,1438
E14,2024,1023122,1614
E15,2020,711975,558
E15,2021,668099,655
E15,2022,992727,558
E15,2023,623363,421
E15,2024,512906,462
E16,2020,1162973,1010
E16,2021,634056,1020
E16,2022,645544,751
E16,2023,479618,880
E16,2024,494645,1005
E17,2020,533361,1196
E17,2021,545317,2024
E17,2022,555110,1662
E17,2023,618958,1301
E17,2024,554213,1467
E18,2020,508149,236
E18,2021,593418,409
E18,2022,596879,329
E18,2023,550043,265
E18,2024,664976,322
E1W,2020,756678,253
E1W,2021,817689,335
E1W,2022,1053695,443
E1W,2023,819962,174
E1W,2024,870031,241
E2,2020,766504,409
E2,2021,770901,670
E2,2022,672341,455
E2,2023,911983,368
E2,2024,577465,459
E20,2020,2229202,25
E20,2021,518737,283
E20,2022,617470,236
E20,2023,1135305,57
E20,2024,903687,56
E22,2023,61313556,2
E22,2024,703843,232
E3,2020,696045,681
E3,2021,536357,1152
E3,2022,603373,984
E3,2023,644577,659
E3,2024,525580,737
E4,2020,499825,716
E4,2021,543611,1066
E4,2022,536581,815
E4,2023,523137,683
E4,2024,538894,744
E5,2020,625175,368
E5,2021,614260,565
E5,2022,598105,553
E5,2023,677518,480
E5,2024,632556,440
E6,2020,482651,449
E6,2021,767541,702
E6,2022,406822,854
E6,2023,409301,440
E6,2024,398450,426
E7,2020,433702,312
E7,2021,476329,417
E7,2022,518521,357
E7,2023,607224,339
E7,2024,541665,369
E8,2020,734396,357
E8,2021,702338,591
E8,2022,832883,460
E8,2023,705138,418
E8,2024,769647,488
E9,2020,598475,262
E9,2021,613829,564
E9,2022,640961,402
E9,2023,758139,276
E9,2024,634560,340
EC1A,2020,1656419,73
EC1A,2021,1155962,46
EC1A,2022,1663844,50
EC1A,2023,1206738,34
EC1A,2024,1165314,35
EC1M,2020,10903185,19
EC1M,2021,7495866,33
EC1M,2022,1797554,37
EC1M,2023,1041156,32
EC1M,2024,3255792,68
EC1N,2020,1400426,21
EC1N,2021,10503468,24
EC1N,2022,1855121,27
EC1N,2023,2873774,31
EC1N,2024,4024501,33
EC1R,2020,2386722,40
EC1R,2021,2055007,53
EC1R,2022,2588299,82
EC1R,2023,2145425,43
EC1R,2024,2823092,86
EC1V,2020,2744859,314
EC1V,2021,2784417,295
EC1V,2022,1137926,182
EC1V,2023,1917536,328
EC1V,2024,1187523,564
EC1Y,2020,2863615,90
EC1Y,2021,6153374,76
EC1Y,2022,3782260,50
EC1Y,2023,1268373,23
EC1Y,2024,713463,44
EC2A,2020,3476651,90
EC2A,2021,1598543,237
EC2A,2022,5191955,77
EC2A,2023,1141086,151
EC2A,2024,2724940,67
EC2M,2020,4372158,11
EC2M,2021,5687500,2
EC2M,2022,10964203,9
EC2M,2023,67192945,6
EC2M,2024,9069198,12
EC2N,2020,6584559,6
EC2N,2021,17300000,2
EC2N,2022,11376659,5
EC2N,2023,1700000,2
EC2N,2024,215000,1
EC2P,2020,40000000,1
EC2R,2021,6947616,7
EC2R,2022,592381,2
EC2R,2023,34496254,6
EC2R,2024,10932000,5
EC2V,2020,5751250,2
EC2V,2021,1612160,2
EC2V,2022,16076695,7
EC2V,2023,2390522,4
EC2V,2024,11715000,4
EC2Y,2020,1093370,65
EC2Y,2021,975803,99
EC2Y,2022,896857,84
EC2Y,2023,1407608,85
EC2Y,2024,1293813,89
EC3A,2020,25366328,2
EC3A,2021,2445534,37
EC3A,2022,2655795,29
EC3A,2023,1944897,15
EC3A,2024,1937627,11
EC3M,2020,2643648,5
EC3M,2022,1337455,7
EC3M,2023,1329526,2
EC3M,2024,5997780,5
EC3N,2020,780889,5
EC3N,2021,4864111,9
EC3N,2022,6521888,16
EC3N,2023,9388020,19
EC3N,2024,2763167,92
EC3R,2020,2315500,6
EC3R,2021,630000,4
EC3R,2022,4652857,7
EC3R,2023,25658838,10
EC3R,2024,3236730,9
EC3V,2020,13226612,6
EC3V,2021,1404000,2
EC3V,2022,50000,1
EC3V,2023,36402627,4
EC3V,2024,21194149,7
EC4A,2020,2103125,8
EC4A,2021,4760258,15
EC4A,2022,14299975,19
EC4A,2023,2280375,12
EC4A,2024,1796436,11
EC4M,2020,150500,2
EC4M,2021,9316836,8
EC4M,2022,712606,8
EC4M,2023,13870025,5
EC4M,2024,10765000,6
EC4N,2020,8725000,2
EC4N,2021,82832000,6
EC4N,2022,28884342,2
EC4N,2023,19450000,3
EC4N,2024,27440833,3
EC4R,2020,3611250,4
EC4R,2021,424387,3
EC4R,2022,599824,3
EC4R,2023,1438472,5
EC4R,2024,4859142,3
EC4V,2020,900517,7
EC4V,2021,3880308,13
EC4V,2022,1431736,11
EC4V,2023,2352189,19
EC4V,2024,5046848,24
EC4Y,2021,10631281,12
EC4Y,2022,763500,2
EC4Y,2023,5506250,8
EC4Y,2024,1282433,6
EN1,2020,447940,466
EN1,2021,590230,820
EN1,2022,518714,573
EN1,2023,526332,439
EN1,2024,519166,531
EN10,2020,445134,247
EN10,2021,509450,407
EN10,2022,545547,293
EN10,2023,510065,259
EN10,2024,512628,256
EN11,2020,430392,314
EN11,2021,491068,487
EN11,2022,512141,398
EN11,2023,464806,325
EN11,2024,473998,339
EN2,2020,526946,414
EN2,2021,513657,729
EN2,2022,590649,526
EN2,2023,596776,363
EN2,2024,582122,401
EN3,2020,605568,484
EN3,2021,379522,681
EN3,2022,434014,655
EN3,2023,655366,470
EN3,2024,495021,511
EN4,2020,834011,335
EN4,2021,802953,558
EN4,2022,793950,402
EN4,2023,756636,294
EN4,2024,767542,381
EN5,2020,657065,451
EN5,2021,698054,722
EN5,2022,661447,662
EN5,2023,618070,445
EN5,2024,643298,498
EN6,2020,609901,437
EN6,2021,628540,627
EN6,2022,737197,458
EN6,2023,673720,331
EN6,2024,745440,408
EN7,2020,502237,336
EN7,2021,552978,469
EN7,2022,626751,356
EN7,2023,595700,309
EN7,2024,579009,393
EN8,2020,387970,498
EN8,2021,675430,728
EN8,2022,410849,596
EN8,2023,416060,485
EN8,2024,384977,484
EN9,2020,432103,336
EN9,2021,438158,510
EN9,2022,466054,446
EN9,2023,454127,340
EN9,2024,565402,352
EX1,2020,344706,571
EX1,2021,347212,832
EX1,2022,515899,790
EX1,2023,423052,598
EX1,2024,355794,595
EX10,2020,430520,367
EX10,2021,417581,601
EX10,2022,492570,382
EX10,2023,484213,365
EX10,2024,471129,356
EX11,2020,423513,173
EX11,2021,422717,272
EX11,2022,491603,154
EX11,2023,469310,150
EX11,2024,464566,148
EX12,2020,326359,226
EX12,2021,353164,296
EX12,2022,429898,254
EX12,2023,313152,195
EX12,2024,378048,201
EX13,2020,369705,248
EX13,2021,350743,355
EX13,2022,369569,248
EX13,2023,414861,223
EX13,2024,413411,196
EX14,2020,314590,390
EX14,2021,352686,614
EX14,2022,339240,497
EX14,2023,353256,349
EX14,2024,348047,409
EX15,2020,353162,448
EX15,2021,315234,463
EX15,2022,363070,386
EX15,2023,365296,422
EX15,2024,335498,510
EX16,2020,313512,630
EX16,2021,347067,840
EX16,2022,402791,613
EX16,2023,374938,486
EX16,2024,379268,507
EX17,2020,310751,366
EX17,2021,358654,518
EX17,2022,386558,340
EX17,2023,393799,295
EX17,2024,356325,298
EX18,2020,311319,55
EX18,2021,370853,114
EX18,2022,454336,74
EX18,2023,360278,58
EX18,2024,384571,43
EX19,2020,346825,75
EX19,2021,442605,99
EX19,2022,401319,80
EX19,2023,378513,84
EX19,2024,478314,79
EX2,2020,356484,692
EX2,2021,369783,1080
EX2,2022,456770,1025
EX2,2023,420196,748
EX2,2024,400866,857
EX20,2020,305979,416
EX20,2021,334416,582
EX20,2022,339182,537
EX20,2023,335767,460
EX20,2024,340622,476
EX21,2020,362370,84
EX21,2021,398445,141
EX21,2022,456989,78
EX21,2023,419455,72
EX21,2024,399022,72
EX22,2020,347922,192
EX22,2021,362401,313
EX22,2022,468066,225
EX22,2023,352983,177
EX22,2024,347159,180
EX23,2020,342986,357
EX23,2021,382407,514
EX23,2022,385882,392
EX23,2023,466703,368
EX23,2024,391007,305
EX24,2020,390968,56
EX24,2021,399793,99
EX24,2022,530380,78
EX24,2023,418829,51
EX24,2024,566504,64
EX3,2020,744179,112
EX3,2021,554850,141
EX3,2022,626172,185
EX3,2023,547090,189
EX3,2024,644014,159
EX31,2020,307436,651
EX31,2021,352822,927
EX31,2022,373808,659
EX31,2023,361600,495
EX31,2024,375562,567
EX32,2020,249258,414
EX32,2021,289170,542
EX32,2022,289467,447
EX32,2023,282559,307
EX32,2024,277330,351
EX33,2020,382767,211
EX33,2021,450024,275
EX33,2022,493808,178
EX33,2023,528896,156
EX33,2024,497559,165
EX34,2020,284454,407
EX34,2021,331438,537
EX34,2022,347560,381
EX34,2023,385510,332
EX34,2024,322615,295
EX35,2020,389423,52
EX35,2021,399789,80
EX35,2022,420240,47
EX35,2023,523553,66
EX35,2024,458145,36
EX36,2020,269850,227
EX36,2021,396585,300
EX36,2022,351244,221
EX36,2023,452218,168
EX36,2024,361260,219
EX37,2020,384115,62
EX37,2021,371502,104
EX37,2022,406115,87
EX37,2023,366216,64
EX37,2024,486627,51
EX38,2020,237595,149
EX38,2021,300170,210
EX38,2022,287013,144
EX38,2023,290009,135
EX38,2024,295028,132
EX39,2020,290249,869
EX39,2021,293893,1178
EX39,2022,361165,910
EX39,2023,338119,856
EX39,2024,337027,886
EX4,2020,322366,712
EX4,2021,374580,1120
EX4,2022,406536,853
EX4,2023,407983,738
EX4,2024,387276,748
EX5,2020,355810,515
EX5,2021,329144,872
EX5,2022,386298,703
EX5,2023,408653,508
EX5,2024,407527,517
EX6,2020,390745,200
EX6,2021,422535,305
EX6,2022,439924,200
EX6,2023,457453,173
EX6,2024,376456,172
EX7,2020,261308,299
EX7,2021,293673,421
EX7,2022,303208,353
EX7,2023,300316,309
EX7,2024,285547,304
EX8,2020,314554,788
EX8,2021,328838,1070
EX8,2022,369050,870
EX8,2023,380016,595
EX8,2024,370828,704
EX9,2020,411060,136
EX9,2021,468401,199
EX9,2022,522804,149
EX9,2023,516677,130
EX9,2024,496637,142
FY1,2020,119758,666
FY1,2021,119252,872
FY1,2022,137164,926
FY1,2023,121483,806
FY1,2024,139652,771
FY2,2020,142492,389
FY2,2021,171212,645
FY2,2022,173440,563
FY2,2023,149769,464
FY2,2024,149934,448
FY3,2020,131809,482
FY3,2021,145753,723
FY3,2022,147055,683
FY3,2023,147077,512
FY3,2024,151106,579
FY4,2020,166883,839
FY4,2021,176776,1175
FY4,2022,158418,1114
FY4,2023,214735,836
FY4,2024,160826,820
FY5,2020,176132,967
FY5,2021,173660,1439
FY5,2022,189401,1213
FY5,2023,217893,984
FY5,2024,178499,1020
FY6,2020,224305,658
FY6,2021,249797,940
FY6,2022,243794,693
FY6,2023,248105,604
FY6,2024,266330,672
FY7,2020,120531,417
FY7,2021,200178,601
FY7,2022,155424,476
FY7,2023,190890,333
FY7,2024,141707,415
FY8,2020,275760,1015
FY8,2021,255297,1416
FY8,2022,274190,1244
FY8,2023,286853,960
FY8,2024,309357,1054
GL1,2020,215059,597
GL1,2021,261630,945
GL1,2022,222711,827
GL1,2023,264569,686
GL1,2024,253689,657
GL10,2020,359598,344
GL10,2021,395355,500
GL10,2022,391921,436
GL10,2023,401239,313
GL10,2024,431911,323
GL11,2020,311580,321
GL11,2021,327640,511
GL11,2022,332140,412
GL11,2023,402703,367
GL11,2024,337541,321
GL12,2020,386234,233
GL12,2021,429503,433
GL12,2022,465489,299
GL12,2023,425827,210
GL12,2024,461371,213
GL13,2020,309364,100
GL13,2021,320079,142
GL13,2022,350526,151
GL13,2023,379543,75
GL13,2024,432504,127
GL14,2020,241617,196
GL14,2021,256158,372
GL14,2022,311404,280
GL14,2023,288767,217
GL14,2024,281979,199
GL15,2020,276766,436
GL15,2021,304077,631
GL15,2022,326198,489
GL15,2023,362500,359
GL15,2024,326214,389
GL16,2020,275749,203
GL16,2021,283997,344
GL16,2022,306523,270
GL16,2023,301228,208
GL16,2024,313903,238
GL17,2020,301977,158
GL17,2021,300598,269
GL17,2022,321547,173
GL17,2023,411466,138
GL17,2024,317568,177
GL18,2020,315774,154
GL18,2021,357795,232
GL18,2022,345360,236
GL18,2023,347748,188
GL18,2024,347178,150
GL19,2020,447937,118
GL19,2021,484883,219
GL19,2022,482913,161
GL19,2023,546265,121
GL19,2024,498079,134
GL2,2020,303782,1223
GL2,2021,331320,1564
GL2,2022,338246,1314
GL2,2023,348839,1091
GL2,2024,372629,1179
GL20,2020,395166,466
GL20,2021,462614,688
GL20,2022,364811,511
GL20,2023,349711,448
GL20,2024,467561,455
GL3,2020,315210,598
GL3,2021,323245,993
GL3,2022,542421,981
GL3,2023,355776,767
GL3,2024,335104,894
GL4,2020,260012,631
GL4,2021,314971,919
GL4,2022,292772,777
GL4,2023,337399,656
GL4,2024,341642,744
GL5,2020,339541,482
GL5,2021,329273,686
GL5,2022,391911,594
GL5,2023,366788,485
GL5,2024,389803,518
GL50,2020,383068,442
GL50,2021,452117,845
GL50,2022,452187,682
GL50,2023,430980,531
GL50,2024,436390,558
GL51,2020,286599,772
GL51,2021,312672,1107
GL51,2022,330891,879
GL51,2023,361581,689
GL51,2024,353480,841
GL52,2020,366227,1034
GL52,2021,389197,1360
GL52,2022,418462,1084
GL52,2023,416751,895
GL52,2024,430028,1003
GL53,2020,562009,424
GL53,2021,516850,547
GL53,2022,602534,472
GL53,2023,645754,347
GL53,2024,636538,385
GL54,2020,571472,465
GL54,2021,600763,700
GL54,2022,697420,504
GL54,2023,625420,455
GL54,2024,684582,403
GL55,2020,645958,142
GL55,2021,661529,211
GL55,2022,954039,122
GL55,2023,785568,102
GL55,2024,643206,126
GL56,2020,558499,254
GL56,2021,557800,333
GL56,2022,641062,251
GL56,2023,659786,199
GL56,2024,617785,232
GL6,2020,517650,386
GL6,2021,540627,599
GL6,2022,572272,438
GL6,2023,598711,388
GL6,2024,577458,395
GL7,2020,549875,809
GL7,2021,563113,1149
GL7,2022,597647,904
GL7,2023,631456,773
GL7,2024,580514,719
GL8,2020,450655,234
GL8,2021,491879,327
GL8,2022,520915,212
GL8,2023,510381,220
GL8,2024,544202,149
GL9,2020,421780,25
GL9,2021,586999,37
GL9,2022,780902,34
GL9,2023,676403,27
GL9,2024,530425,19
GU1,2020,783009,484
GU1,2021,724811,680
GU1,2022,661801,614
GU1,2023,751125,493
GU1,2024,648017,553
GU10,2020,855410,426
GU10,2021,860168,657
GU10,2022,941194,472
GU10,2023,812247,429
GU10,2024,810950,418
GU11,2020,352796,410
GU11,2021,314445,552
GU11,2022,358354,447
GU11,2023,374421,455
GU11,2024,388154,506
GU12,2020,357198,530
GU12,2021,379729,830
GU12,2022,421148,736
GU12,2023,382392,538
GU12,2024,410613,501
GU14,2020,341789,761
GU14,2021,401011,1206
GU14,2022,445413,1057
GU14,2023,497040,743
GU14,2024,372808,817
GU15,2020,550288,440
GU15,2021,474996,847
GU15,2022,464556,669
GU15,2023,493268,445
GU15,2024,619275,490
GU16,2020,427509,340
GU16,2021,479717,565
GU16,2022,500541,527
GU16,2023,561133,332
GU16,2024,530650,379
GU17,2020,483947,178
GU17,2021,458380,297
GU17,2022,464941,235
GU17,2023,439320,184
GU17,2024,423362,181
GU18,2020,522926,111
GU18,2021,504964,152
GU18,2022,534554,110
GU18,2023,578216,97
GU18,2024,511223,139
GU19,2020,507469,98
GU19,2021,496711,172
GU19,2022,489133,157
GU19,2023,647026,101
GU19,2024,449256,117
GU2,2020,483250,397
GU2,2021,548384,577
GU2,2022,631907,483
GU2,2023,596548,365
GU2,2024,538691,400
GU20,2020,2097902,77
GU20,2021,885006,92
GU20,2022,953722,72
GU20,2023,810257,60
GU20,2024,736729,59
GU21,2020,503304,664
GU21,2021,597349,1122
GU21,2022,555228,988
GU21,2023,492950,703
GU21,2024,518473,717
GU22,2020,552022,511
GU22,2021,603231,716
GU22,2022,684246,633
GU22,2023,612036,459
GU22,2024,625616,527
GU23,2020,829916,100
GU23,2021,669216,176
GU23,2022,850515,152
GU23,2023,828105,94
GU23,2024,727896,126
GU24,2020,672114,271
GU24,2021,667965,351
GU24,2022,732509,265
GU24,2023,663819,188
GU24,2024,690453,245
GU25,2020,2009575,113
GU25,2021,1914138,169
GU25,2022,2499935,125
GU25,2023,1751303,99
GU25,2024,1863158,89
GU26,2020,926075,143
GU26,2021,637640,187
GU26,2022,659660,169
GU26,2023,728091,105
GU26,2024,696517,125
GU27,2020,693183,282
GU27,2021,741012,401
GU27,2022,753261,356
GU27,2023,758307,257
GU27,2024,681524,286
GU28,2020,785779,112
GU28,2021,818532,158
GU28,2022,786745,108
GU28,2023,767505,95
GU28,2024,907322,75
GU29,2020,803732,222
GU29,2021,493208,276
GU29,2022,604042,207
GU29,2023,639702,172
GU29,2024,568494,148
GU3,2020,794677,140
GU3,2021,663029,288
GU3,2022,754244,238
GU3,2023,699241,117
GU3,2024,669975,174
GU30,2020,561129,205
GU30,2021,558850,307
GU30,2022,665607,232
GU30,2023,592255,167
GU30,2024,616120,193
GU31,2020,582649,196
GU31,2021,645154,234
GU31,2022,669529,173
GU31,2023,718886,164
GU31,2024,587134,192
GU32,2020,545234,167
GU32,2021,545943,237
GU32,2022,635323,185
GU32,2023,626071,136
GU32,2024,608821,174
GU33,2020,758383,109
GU33,2021,568349,216
GU33,2022,670897,168
GU33,2023,767959,102
GU33,2024,649258,118
GU34,2020,571417,508
GU34,2021,515363,873
GU34,2022,584789,732
GU34,2023,473243,519
GU34,2024,541999,589
GU35,2020,374716,521
GU35,2021,395986,788
GU35,2022,430538,504
GU35,2023,461115,412
GU35,2024,428217,377
GU4,2020,653475,239
GU4,2021,640174,376
GU4,2022,800252,290
GU4,2023,728184,232
GU4,2024,679172,234
GU46,2020,408694,220
GU46,2021,456224,319
GU46,2022,510047,258
GU46,2023,493316,196
GU46,2024,537234,188
GU47,2020,546092,300
GU47,2021,459210,418
GU47,2022,436772,307
GU47,2023,395321,264
GU47,2024,447221,254
GU5,2020,864908,155
GU5,2021,982726,244
GU5,2022,1199674,145
GU5,2023,968997,152
GU5,2024,879412,119
GU51,2020,496294,450
GU51,2021,492416,669
GU51,2022,489898,571
GU51,2023,517702,446
GU51,2024,522421,476
GU52,2020,591814,282
GU52,2021,453079,394
GU52,2022,687639,311
GU52,2023,489607,267
GU52,2024,507260,247
GU53,2024,1542001,1
GU6,2020,607941,377
GU6,2021,654451,511
GU6,2022,657849,446
GU6,2023,656501,294
GU6,2024,617958,330
GU7,2020,481589,426
GU7,2021,574793,653
GU7,2022,538485,620
GU7,2023,624647,509
GU7,2024,555052,480
GU8,2020,754294,268
GU8,2021,911590,350
GU8,2022,1166531,258
GU8,2023,854149,217
GU8,2024,1108843,233
GU9,2020,548018,568
GU9,2021,533769,800
GU9,2022,580820,617
GU9,2023,593467,516
GU9,2024,552927,542
HA0,2020,499853,294
HA0,2021,605661,436
HA0,2022,556691,494
HA0,2023,518220,452
HA0,2024,625163,321
HA1,2020,536168,657
HA1,2021,783151,718
HA1,2022,479445,607
HA1,2023,489704,553
HA1,2024,566922,493
HA2,2020,449737,594
HA2,2021,482215,669
HA2,2022,534466,542
HA2,2023,497215,437
HA2,2024,513931,483
HA3,2020,469954,467
HA3,2021,629979,689
HA3,2022,543407,596
HA3,2023,547117,412
HA3,2024,520646,538
HA4,2020,536543,645
HA4,2021,551349,1093
HA4,2022,568911,820
HA4,2023,579848,657
HA4,2024,641082,663
HA5,2020,660402,483
HA5,2021,654360,757
HA5,2022,706954,599
HA5,2023,718058,513
HA5,2024,736598,557
HA6,2020,767739,235
HA6,2021,851965,378
HA6,2022,936187,294
HA6,2023,864276,286
HA6,2024,879382,258
HA7,2020,580303,336
HA7,2021,675044,543
HA7,2022,711964,423
HA7,2023,715227,296
HA7,2024,640729,391
HA8,2020,579570,485
HA8,2021,570916,754
HA8,2022,536744,691
HA8,2023,530265,494
HA8,2024,555399,482
HA9,2020,1410098,392
HA9,2021,1093564,502
HA9,2022,857751,591
HA9,2023,931455,322
HA9,2024,552862,344
HD1,2020,202171,229
HD1,2021,334367,330
HD1,2022,180626,309
HD1,2023,299378,250
HD1,2024,181515,225
HD2,2020,204876,400
HD2,2021,227144,552
HD2,2022,230994,462
HD2,2023,271930,477
HD2,2024,235007,415
HD3,2020,183951,590
HD3,2021,202556,835
HD3,2022,201105,622
HD3,2023,201705,490
HD3,2024,212356,559
HD4,2020,168557,375
HD4,2021,188133,642
HD4,2022,220430,577
HD4,2023,194507,531
HD4,2024,208450,488
HD5,2020,185166,461
HD5,2021,179946,551
HD5,2022,209360,492
HD5,2023,191434,437
HD5,2024,268466,460
HD6,2020,234948,413
HD6,2021,199818,683
HD6,2022,207846,568
HD6,2023,202721,460
HD6,2024,210788,444
HD7,2020,209707,486
HD7,2021,206665,616
HD7,2022,215506,418
HD7,2023,234620,352
HD7,2024,240603,381
HD8,2020,637619,592
HD8,2021,296812,774
HD8,2022,308458,681
HD8,2023,315323,616
HD8,2024,298195,663
HD9,2020,274101,778
HD9,2021,310141,883
HD9,2022,310858,751
HD9,2023,299986,629
HD9,2024,319005,679
HG1,2020,309586,667
HG1,2021,318117,1160
HG1,2022,399206,916
HG1,2023,398130,786
HG1,2024,387542,839
HG2,2020,446735,514
HG2,2021,417349,904
HG2,2022,440127,687
HG2,2023,428993,598
HG2,2024,467908,635
HG3,2020,448860,601
HG3,2021,473489,962
HG3,2022,480474,734
HG3,2023,525019,531
HG3,2024,474802,562
HG4,2020,312729,493
HG4,2021,346689,738
HG4,2022,357791,549
HG4,2023,363259,417
HG4,2024,369394,442
HG5,2020,341390,318
HG5,2021,435957,563
HG5,2022,500543,454
HG5,2023,412265,390
HG5,2024,415077,414
HP1,2020,428170,373
HP1,2021,415450,653
HP1,2022,435176,626
HP1,2023,522775,354
HP1,2024,454042,336
HP10,2020,575040,311
HP10,2021,606709,511
HP10,2022,614120,404
HP10,2023,585849,263
HP10,2024,666175,342
HP11,2020,577475,274
HP11,2021,404304,451
HP11,2022,436104,365
HP11,2023,420978,191
HP11,2024,449247,245
HP12,2020,470001,222
HP12,2021,389168,403
HP12,2022,355646,309
HP12,2023,366802,221
HP12,2024,443291,299
HP13,2020,335990,599
HP13,2021,358519,877
HP13,2022,369565,720
HP13,2023,384749,481
HP13,2024,389531,563
HP14,2020,458562,269
HP14,2021,546720,409
HP14,2022,651804,277
HP14,2023,636825,239
HP14,2024,648434,240
HP15,2020,490635,267
HP15,2021,551706,406
HP15,2022,551724,275
HP15,2023,570065,230
HP15,2024,537499,270
HP16,2020,669043,157
HP16,2021,801955,276
HP16,2022,801733,193
HP16,2023,698458,177
HP16,2024,689261,159
HP17,2020,525849,225
HP17,2021,596107,362
HP17,2022,612622,279
HP17,2023,589866,206
HP17,2024,575774,187
HP18,2020,470953,434
HP18,2021,477811,643
HP18,2022,492424,540
HP18,2023,502347,311
HP18,2024,479093,294
HP19,2020,312379,448
HP19,2021,311997,630
HP19,2022,328030,521
HP19,2023,441847,377
HP19,2024,379912,414
HP2,2020,456489,468
HP2,2021,475179,780
HP2,2022,784831,636
HP2,2023,414463,448
HP2,2024,420946,471
HP20,2020,270034,251
HP20,2021,361830,359
HP20,2022,329447,255
HP20,2023,286298,270
HP20,2024,325656,265
HP21,2020,302577,445
HP21,2021,316314,692
HP21,2022,342044,548
HP21,2023,364625,398
HP21,2024,405968,408
HP22,2020,506031,675
HP22,2021,558382,928
HP22,2022,545207,959
HP22,2023,506466,714
HP22,2024,550057,679
HP23,2020,560620,333
HP23,2021,609207,508
HP23,2022,619811,351
HP23,2023,626694,329
HP23,2024,646567,295
HP27,2020,527951,266
HP27,2021,615786,392
HP27,2022,570630,266
HP27,2023,573647,233
HP27,2024,531181,256
HP3,2020,412629,547
HP3,2021,506146,779
HP3,2022,536339,544
HP3,2023,446867,381
HP3,2024,512242,447
HP4,2020,843001,379
HP4,2021,753641,612
HP4,2022,765382,450
HP4,2023,798502,362
HP4,2024,760849,445
HP5,2020,591127,389
HP5,2021,521913,602
HP5,2022,539359,422
HP5,2023,514727,345
HP5,2024,537400,371
HP6,2020,642362,235
HP6,2021,741942,326
HP6,2022,795650,194
HP6,2023,733705,189
HP6,2024,771988,222
HP7,2020,665395,151
HP7,2021,766535,236
HP7,2022,839342,165
HP7,2023,741076,124
HP7,2024,826296,143
HP8,2020,967348,101
HP8,2021,959031,180
HP8,2022,1121729,111
HP8,2023,1266773,65
HP8,2024,951470,87
HP9,2020,1138200,250
HP9,2021,1182961,403
HP9,2022,1227346,373
HP9,2023,1218533,271
HP9,2024,1263323,317
HR1,2020,320834,554
HR1,2021,323660,754
HR1,2022,343166,567
HR1,2023,367966,493
HR1,2024,391919,543
HR2,2020,272763,549
HR2,2021,296610,756
HR2,2022,312523,591
HR2,2023,458267,516
HR2,2024,375478,546
HR3,2020,337714,128
HR3,2021,585734,183
HR3,2022,458482,142
HR3,2023,427666,115
HR3,2024,459344,125
HR4,2020,269571,561
HR4,2021,308302,857
HR4,2022,311631,665
HR4,2023,319018,485
HR4,2024,327103,583
HR5,2020,278284,51
HR5,2021,255756,121
HR5,2022,335051,69
HR5,2023,296510,48
HR5,2024,415548,83
HR6,2020,284663,322
HR6,2021,314120,509
HR6,2022,340782,378
HR6,2023,374693,310
HR6,2024,394390,300
HR7,2020,297180,154
HR7,2021,382898,175
HR7,2022,340408,114
HR7,2023,389296,96
HR7,2024,349622,112
HR8,2020,343066,268
HR8,2021,323710,414
HR8,2022,371838,348
HR8,2023,383120,227
HR8,2024,380480,276
HR9,2020,348191,397
HR9,2021,409920,690
HR9,2022,425635,457
HR9,2023,412995,408
HR9,2024,394660,428
HU1,2020,165305,149
HU1,2021,189812,228
HU1,2022,250537,161
HU1,2023,198879,186
HU1,2024,246063,118
HU10,2020,268233,398
HU10,2021,314740,476
HU10,2022,287795,470
HU10,2023,271599,431
HU10,2024,279085,437
HU11,2020,212676,187
HU11,2021,225727,249
HU11,2022,243138,212
HU11,2023,225918,161
HU11,2024,218929,185
HU12,2020,181966,356
HU12,2021,191361,564
HU12,2022,271144,501
HU12,2023,202635,357
HU12,2024,209375,412
HU13,2020,320767,328
HU13,2021,222800,459
HU13,2022,243359,438
HU13,2023,228917,310
HU13,2024,227432,351
HU14,2020,344996,173
HU14,2021,367255,304
HU14,2022,434723,238
HU14,2023,371648,150
HU14,2024,337455,146
HU15,2020,237755,513
HU15,2021,257140,747
HU15,2022,272522,573
HU15,2023,300564,554
HU15,2024,286411,577
HU16,2020,239829,388
HU16,2021,250877,564
HU16,2022,239708,477
HU16,2023,280130,399
HU16,2024,258961,320
HU17,2020,274880,760
HU17,2021,304164,1258
HU17,2022,300807,1116
HU17,2023,267441,955
HU17,2024,272685,1188
HU18,2020,199698,195
HU18,2021,209545,238
HU18,2022,224572,188
HU18,2023,225263,199
HU18,2024,241269,225
HU19,2020,121264,112
HU19,2021,139875,139
HU19,2022,144702,138
HU19,2023,156600,108
HU19,2024,153618,128
HU2,2020,166660,31
HU2,2021,204419,73
HU2,2022,139137,62
HU2,2023,121262,44
HU2,2024,140701,84
HU20,2020,259938,8
HU20,2021,281180,23
HU20,2022,348737,15
HU20,2023,355814,11
HU20,2024,257667,6
HU3,2020,110691,379
HU3,2021,122504,498
HU3,2022,148496,530
HU3,2023,149376,462
HU3,2024,120548,452
HU4,2020,145457,300
HU4,2021,154077,427
HU4,2022,151626,386
HU4,2023,152060,345
HU4,2024,163838,375
HU5,2020,123599,799
HU5,2021,156886,1105
HU5,2022,139775,1059
HU5,2023,138580,793
HU5,2024,150605,929
HU6,2020,116420,312
HU6,2021,131028,458
HU6,2022,147591,442
HU6,2023,137950,366
HU6,2024,136830,344
HU7,2020,174463,821
HU7,2021,188057,1042
HU7,2022,181780,888
HU7,2023,180150,649
HU7,2024,168209,797
HU8,2020,126448,499
HU8,2021,140203,723
HU8,2022,143941,569
HU8,2023,137218,495
HU8,2024,151406,531
HU9,2020,115852,487
HU9,2021,150851,659
HU9,2022,187746,693
HU9,2023,126739,583
HU9,2024,163379,555
HX1,2020,138613,307
HX1,2021,140646,438
HX1,2022,146737,377
HX1,2023,156231,317
HX1,2024,165550,358
HX2,2020,166921,568
HX2,2021,179313,846
HX2,2022,195938,629
HX2,2023,183813,537
HX2,2024,201654,570
HX3,2020,187685,674
HX3,2021,204960,1047
HX3,2022,214812,854
HX3,2023,212691,746
HX3,2024,220763,747
HX4,2020,241837,201
HX4,2021,249314,309
HX4,2022,267033,222
HX4,2023,262394,216
HX4,2024,254390,196
HX5,2020,167232,167
HX5,2021,332189,209
HX5,2022,299094,183
HX5,2023,218797,158
HX5,2024,208946,166
HX6,2020,204651,311
HX6,2021,227812,462
HX6,2022,211598,397
HX6,2023,216666,332
HX6,2024,262403,346
HX7,2020,243812,223
HX7,2021,256676,372
HX7,2022,255111,270
HX7,2023,264651,230
HX7,2024,272024,259
IG1,2020,439210,370
IG1,2021,417087,624
IG1,2022,463584,441
IG1,2023,454075,412
IG1,2024,424979,401
IG10,2020,604495,471
IG10,2021,616454,690
IG10,2022,642296,522
IG10,2023,534678,471
IG10,2024,615904,541
IG11,2020,657006,545
IG11,2021,522980,820
IG11,2022,531272,774
IG11,2023,452612,566
IG11,2024,455096,520
IG2,2020,763776,181
IG2,2021,500702,307
IG2,2022,473973,224
IG2,2023,442134,213
IG2,2024,451897,201
IG3,2020,447247,195
IG3,2021,458741,356
IG3,2022,504301,262
IG3,2023,473315,212
IG3,2024,512908,280
IG4,2020,470464,61
IG4,2021,625157,89
IG4,2022,542041,68
IG4,2023,643395,88
IG4,2024,547263,51
IG5,2020,497689,131
IG5,2021,514405,222
IG5,2022,502490,182
IG5,2023,488085,118
IG5,2024,522729,148
IG6,2020,430790,297
IG6,2021,447965,460
IG6,2022,478360,340
IG6,2023,464971,261
IG6,2024,513924,309
IG7,2020,601474,314
IG7,2021,654906,458
IG7,2022,702871,282
IG7,2023,682640,220
IG7,2024,660633,278
IG8,2020,574375,405
IG8,2021,612600,659
IG8,2022,631127,544
IG8,2023,761269,402
IG8,2024,637992,473
IG9,2020,615038,210
IG9,2021,609203,338
IG9,2022,641213,235
IG9,2023,597311,161
IG9,2024,708581,225
IP1,2020,248808,581
IP1,2021,263526,853
IP1,2022,309456,796
IP1,2023,275907,602
IP1,2024,521054,655
IP10,2020,497859,46
IP10,2021,528752,55
IP10,2022,568310,40
IP10,2023,504125,37
IP10,2024,466878,51
IP11,2020,282214,507
IP11,2021,332609,692
IP11,2022,341962,689
IP11,2023,337131,591
IP11,2024,300045,678
IP12,2020,399729,514
IP12,2021,445807,623
IP12,2022,436394,441
IP12,2023,482153,394
IP12,2024,424966,453
IP13,2020,399463,382
IP13,2021,452562,454
IP13,2022,441484,370
IP13,2023,475211,307
IP13,2024,459028,361
IP14,2020,285937,721
IP14,2021,324748,1238
IP14,2022,398478,940
IP14,2023,342084,719
IP14,2024,338488,863
IP15,2020,581404,102
IP15,2021,552411,82
IP15,2022,763305,75
IP15,2023,638500,38
IP15,2024,582738,71
IP16,2020,281736,154
IP16,2021,297232,272
IP16,2022,307175,213
IP16,2023,322037,113
IP16,2024,277605,132
IP17,2020,368349,253
IP17,2021,384706,366
IP17,2022,456118,263
IP17,2023,432860,180
IP17,2024,374383,213
IP18,2020,561261,152
IP18,2021,599038,153
IP18,2022,671747,127
IP18,2023,705878,92
IP18,2024,589538,93
IP19,2020,303382,181
IP19,2021,335840,327
IP19,2022,359481,217
IP19,2023,408893,220
IP19,2024,356960,186
IP2,2020,201035,352
IP2,2021,299857,583
IP2,2022,236603,512
IP2,2023,247792,393
IP2,2024,225135,384
IP20,2020,283257,132
IP20,2021,353748,206
IP20,2022,514776,148
IP20,2023,399692,126
IP20,2024,357200,167
IP21,2020,392266,198
IP21,2021,397385,275
IP21,2022,453170,178
IP21,2023,424833,167
IP21,2024,358820,176
IP22,2020,300594,380
IP22,2021,374720,540
IP22,2022,379701,405
IP22,2023,376487,334
IP22,2024,392884,357
IP23,2020,353206,151
IP23,2021,386636,238
IP23,2022,1036043,120
IP23,2023,421206,117
IP23,2024,365347,165
IP24,2020,248474,352
IP24,2021,262586,520
IP24,2022,275994,467
IP24,2023,282697,419
IP24,2024,265341,449
IP25,2020,264049,433
IP25,2021,286840,638
IP25,2022,299836,493
IP25,2023,331234,404
IP25,2024,304903,369
IP26,2020,298839,169
IP26,2021,316287,221
IP26,2022,454235,194
IP26,2023,322804,136
IP26,2024,365835,156
IP27,2020,198278,323
IP27,2021,230657,390
IP27,2022,244716,336
IP27,2023,243660,284
IP27,2024,254569,303
IP28,2020,449681,485
IP28,2021,303995,741
IP28,2022,334464,528
IP28,2023,313670,411
IP28,2024,316522,444
IP29,2020,427136,151
IP29,2021,449142,221
IP29,2022,502601,117
IP29,2023,480089,109
IP29,2024,475633,129
IP3,2020,294212,475
IP3,2021,312099,657
IP3,2022,398413,539
IP3,2023,289488,467
IP3,2024,313840,436
IP30,2020,400209,266
IP30,2021,396462,428
IP30,2022,444833,404
IP30,2023,443409,335
IP30,2024,464260,311
IP31,2020,433720,308
IP31,2021,382293,616
IP31,2022,413258,554
IP31,2023,432297,356
IP31,2024,411850,349
IP32,2020,391118,456
IP32,2021,355295,474
IP32,2022,499794,549
IP32,2023,342045,358
IP32,2024,338301,334
IP33,2020,391755,374
IP33,2021,347762,569
IP33,2022,481531,579
IP33,2023,394340,520
IP33,2024,390665,495
IP4,2020,257543,576
IP4,2021,279821,893
IP4,2022,316280,687
IP4,2023,295165,577
IP4,2024,253426,675
IP5,2020,304049,273
IP5,2021,314762,408
IP5,2022,359497,306
IP5,2023,346844,286
IP5,2024,333278,367
IP6,2020,307370,402
IP6,2021,395859,534
IP6,2022,392356,475
IP6,2023,537648,303
IP6,2024,418421,375
IP7,2020,382965,272
IP7,2021,397206,407
IP7,2022,428608,299
IP7,2023,457895,215
IP7,2024,475765,267
IP8,2020,339726,253
IP8,2021,359163,345
IP8,2022,377937,230
IP8,2023,358569,199
IP8,2024,340243,264
IP9,2020,331517,204
IP9,2021,395515,262
IP9,2022,430891,231
IP9,2023,394232,192
IP9,2024,402344,184
KT1,2020,578237,343
KT1,2021,750658,481
KT1,2022,780535,433
KT1,2023,802916,505
KT1,2024,645920,312
KT10,2020,965254,346
KT10,2021,960260,545
KT10,2022,1452150,402
KT10,2023,1190124,288
KT10,2024,1024374,363
KT11,2020,1245734,274
KT11,2021,1202835,397
KT11,2022,1397207,342
KT11,2023,1308581,258
KT11,2024,1337096,269
KT12,2020,698308,709
KT12,2021,667708,1078
KT12,2022,847044,890
KT12,2023,705972,626
KT12,2024,700260,594
KT13,2020,869853,476
KT13,2021,1188085,703
KT13,2022,1199314,514
KT13,2023,1326425,426
KT13,2024,1145746,477
KT14,2020,500056,234
KT14,2021,568459,373
KT14,2022,678529,305
KT14,2023,661876,257
KT14,2024,640049,258
KT15,2020,500646,497
KT15,2021,449809,671
KT15,2022,480590,477
KT15,2023,652937,345
KT15,2024,439093,465
KT16,2020,633144,314
KT16,2021,628964,589
KT16,2022,526567,496
KT16,2023,571713,409
KT16,2024,476316,561
KT17,2020,625905,431
KT17,2021,602820,579
KT17,2022,657233,485
KT17,2023,586388,408
KT17,2024,612617,387
KT18,2020,653848,287
KT18,2021,584148,346
KT18,2022,712756,319
KT18,2023,692421,284
KT18,2024,648881,260
KT19,2020,531150,499
KT19,2021,544458,752
KT19,2022,571651,545
KT19,2023,540506,448
KT19,2024,534742,456
KT2,2020,1157414,385
KT2,2021,854965,650
KT2,2022,916467,507
KT2,2023,911819,421
KT2,2024,929311,430
KT20,2020,724991,387
KT20,2021,731742,549
KT20,2022,751835,446
KT20,2023,823843,272
KT20,2024,770021,325
KT21,2020,663411,201
KT21,2021,722037,288
KT21,2022,699896,198
KT21,2023,753700,190
KT21,2024,728752,211
KT22,2020,853882,538
KT22,2021,817568,716
KT22,2022,812988,543
KT22,2023,921154,374
KT22,2024,794251,518
KT23,2020,632220,174
KT23,2021,664710,246
KT23,2022,747979,180
KT23,2023,742939,153
KT23,2024,728469,178
KT24,2020,967658,128
KT24,2021,1032283,190
KT24,2022,1160265,183
KT24,2023,1043038,140
KT24,2024,1080142,143
KT3,2020,585724,398
KT3,2021,631841,676
KT3,2022,670183,714
KT3,2023,680042,425
KT3,2024,709651,487
KT4,2020,521116,375
KT4,2021,530541,619
KT4,2022,575960,518
KT4,2023,558821,390
KT4,2024,565850,406
KT5,2020,573353,224
KT5,2021,595338,439
KT5,2022,585822,320
KT5,2023,605605,242
KT5,2024,589439,288
KT6,2020,601930,498
KT6,2021,610577,810
KT6,2022,702545,669
KT6,2023,642458,518
KT6,2024,595916,571
KT7,2020,818011,164
KT7,2021,758031,247
KT7,2022,1030230,221
KT7,2023,907919,124
KT7,2024,809454,205
KT8,2020,636887,314
KT8,2021,710406,504
KT8,2022,785572,375
KT8,2023,641087,243
KT8,2024,704407,297
KT9,2020,446229,250
KT9,2021,423054,398
KT9,2022,509214,288
KT9,2023,539807,242
KT9,2024,471633,290
KY6,2023,490000,1
L1,2020,195491,314
L1,2021,255993,435
L1,2022,266903,467
L1,2023,474331,523
L1,2024,382238,511
L10,2020,140241,209
L10,2021,158029,233
L10,2022,159840,214
L10,2023,183691,183
L10,2024,175288,197
L11,2020,99818,172
L11,2021,157274,279
L11,2022,138774,305
L11,2023,135428,222
L11,2024,146970,218
L12,2020,177883,370
L12,2021,211176,508
L12,2022,225304,466
L12,2023,249211,323
L12,2024,221688,381
L13,2020,118741,457
L13,2021,140506,606
L13,2022,139877,577
L13,2023,134894,499
L13,2024,137927,488
L14,2020,145517,357
L14,2021,155597,407
L14,2022,170535,382
L14,2023,176944,336
L14,2024,182056,284
L15,2020,152757,499
L15,2021,198672,734
L15,2022,185746,588
L15,2023,181879,486
L15,2024,223478,479
L16,2020,262568,232
L16,2021,268133,276
L16,2022,317070,213
L16,2023,298789,182
L16,2024,314701,161
L17,2020,246539,377
L17,2021,237500,572
L17,2022,252218,450
L17,2023,296380,361
L17,2024,258424,405
L18,2020,314960,365
L18,2021,338245,536
L18,2022,353988,409
L18,2023,355739,349
L18,2024,360630,392
L19,2020,211891,367
L19,2021,266549,485
L19,2022,254411,413
L19,2023,258827,297
L19,2024,252498,331
L2,2020,148448,193
L2,2021,616103,67
L2,2022,289817,196
L2,2023,1267467,78
L2,2024,403857,74
L20,2020,103369,505
L20,2021,124671,572
L20,2022,127109,536
L20,2023,168989,481
L20,2024,142455,457
L21,2020,111196,276
L21,2021,133209,399
L21,2022,145564,377
L21,2023,210783,347
L21,2024,153793,325
L22,2020,175471,251
L22,2021,218004,268
L22,2022,230972,266
L22,2023,280294,235
L22,2024,207281,296
L23,2020,260479,446
L23,2021,274819,647
L23,2022,343242,511
L23,2023,316100,403
L23,2024,305638,517
L24,2020,352718,217
L24,2021,304407,270
L24,2022,254634,248
L24,2023,413964,161
L24,2024,248743,180
L25,2020,247271,445
L25,2021,287018,597
L25,2022,298044,547
L25,2023,293361,461
L25,2024,268246,425
L26,2020,167483,152
L26,2021,281546,232
L26,2022,222031,273
L26,2023,256711,333
L26,2024,268228,371
L27,2020,149853,83
L27,2021,160150,68
L27,2022,187486,67
L27,2023,128717,50
L27,2024,151329,63
L28,2020,118217,51
L28,2021,90999,51
L28,2022,112178,32
L28,2023,114487,38
L28,2024,114199,54
L29,2020,309062,4
L29,2021,347750,14
L29,2022,354204,12
L29,2023,342000,5
L29,2024,325833,6
L3,2020,678641,415
L3,2021,316911,505
L3,2022,373031,389
L3,2023,515171,415
L3,2024,262056,369
L30,2020,154245,190
L30,2021,150448,263
L30,2022,195252,228
L30,2023,186994,226
L30,2024,226081,195
L31,2020,207167,619
L31,2021,226120,678
L31,2022,266804,597
L31,2023,231456,478
L31,2024,265422,610
L32,2020,155285,250
L32,2021,135217,299
L32,2022,156374,277
L32,2023,180969,197
L32,2024,146166,264
L33,2020,143967,251
L33,2021,322772,231
L33,2022,180567,244
L33,2023,231486,218
L33,2024,307486,190
L34,2020,221430,375
L34,2021,255044,420
L34,2022,220018,360
L34,2023,301094,312
L34,2024,357192,325
L35,2020,170603,396
L35,2021,179804,508
L35,2022,218647,465
L35,2023,209605,409
L35,2024,242999,443
L36,2020,167096,633
L36,2021,202481,786
L36,2022,193981,621
L36,2023,183801,488
L36,2024,199108,525
L37,2020,357304,433
L37,2021,339411,707
L37,2022,372441,485
L37,2023,362367,386
L37,2024,419720,468
L38,2020,288418,52
L38,2021,349931,45
L38,2022,308991,44
L38,2023,553091,31
L38,2024,385342,23
L39,2020,267943,410
L39,2021,311630,586
L39,2022,334040,462
L39,2023,322432,405
L39,2024,370166,469
L4,2020,91302,603
L4,2021,97487,791
L4,2022,109886,827
L4,2023,108160,654
L4,2024,106579,646
L40,2020,308195,330
L40,2021,570681,559
L40,2022,324391,483
L40,2023,332804,362
L40,2024,338537,450
L41,2020,110000,1
L41,2023,155000,2
L42,2022,170000,1
L42,2024,290000,2
L45,2021,170000,1
L45,2022,510000,1
L5,2020,115518,177
L5,2021,125492,328
L5,2022,118058,196
L5,2023,146348,279
L5,2024,157119,194
L6,2020,112080,430
L6,2021,127242,518
L6,2022,135298,547
L6,2023,113954,947
L6,2024,144556,490
L7,2020,159789,268
L7,2021,189305,352
L7,2022,254070,283
L7,2023,251711,231
L7,2024,321472,234
L75,2024,1440000,1
L8,2020,145058,364
L8,2021,181261,402
L8,2022,157774,483
L8,2023,194213,410
L8,2024,187145,547
L9,2020,118431,449
L9,2021,150698,574
L9,2022,145375,526
L9,2023,159760,476
L9,2024,148346,519
LA1,2020,199983,841
LA1,2021,197416,1141
LA1,2022,207960,931
LA1,2023,249723,801
LA1,2024,209011,813
LA10,2020,274813,54
LA10,2021,301643,95
LA10,2022,368699,77
LA10,2023,365519,62
LA10,2024,335089,75
LA11,2020,291898,246
LA11,2021,308839,297
LA11,2022,313887,219
LA11,2023,332145,244
LA11,2024,335325,213
LA12,2020,288990,432
LA12,2021,277833,587
LA12,2022,338368,472
LA12,2023,304625,401
LA12,2024,317245,378
LA13,2020,173570,312
LA13,2021,198178,512
LA13,2022,204206,354
LA13,2023,183722,297
LA13,2024,207557,335
LA14,2020,137900,720
LA14,2021,150589,1022
LA14,2022,162914,882
LA14,2023,141221,807
LA14,2024,149236,760
LA15,2020,158032,162
LA15,2021,150195,210
LA15,2022,183385,191
LA15,2023,158613,155
LA15,2024,166762,161
LA16,2020,176289,61
LA16,2021,219341,67
LA16,2022,188309,80
LA16,2023,220321,68
LA16,2024,231892,52
LA17,2020,177929,14
LA17,2021,277695,20
LA17,2022,285303,23
LA17,2023,347029,17
LA17,2024,247637,27
LA18,2020,151366,118
LA18,2021,140072,193
LA18,2022,149613,134
LA18,2023,131453,164
LA18,2024,137521,147
LA19,2020,293440,11
LA19,2021,191455,22
LA19,2022,187722,19
LA19,2023,237385,13
LA19,2024,195471,14
LA2,2020,292496,452
LA2,2021,287819,663
LA2,2022,333562,472
LA2,2023,343913,326
LA2,2024,330522,411
LA20,2020,345652,27
LA20,2021,311438,43
LA20,2022,395693,23
LA20,2023,390466,16
LA20,2024,305714,7
LA21,2020,499763,19
LA21,2021,498983,29
LA21,2022,543500,8
LA21,2023,406833,18
LA21,2024,493579,19
LA22,2020,531132,122
LA22,2021,594645,156
LA22,2022,690226,134
LA22,2023,568870,100
LA22,2024,582579,97
LA23,2020,455036,207
LA23,2021,472111,298
LA23,2022,645242,239
LA23,2023,540954,159
LA23,2024,618926,146
LA3,2020,149180,378
LA3,2021,200773,603
LA3,2022,187429,501
LA3,2023,186935,382
LA3,2024,245958,398
LA4,2020,158438,421
LA4,2021,172858,609
LA4,2022,191259,535
LA4,2023,204138,490
LA4,2024,182634,450
LA5,2020,233409,362
LA5,2021,265885,444
LA5,2022,288178,340
LA5,2023,283939,268
LA5,2024,272973,357
LA6,2020,317689,260
LA6,2021,367359,385
LA6,2022,340116,304
LA6,2023,425038,245
LA6,2024,419696,249
LA7,2020,327659,102
LA7,2021,309241,111
LA7,2022,378143,92
LA7,2023,360472,74
LA7,2024,395490,82
LA8,2020,388216,136
LA8,2021,376500,226
LA8,2022,431937,203
LA8,2023,453165,168
LA8,2024,448030,140
LA9,2020,241372,524
LA9,2021,256115,807
LA9,2022,295676,638
LA9,2023,308510,629
LA9,2024,306712,618
LD1,2020,208998,165
LD1,2021,234626,285
LD1,2022,240370,203
LD1,2023,239326,151
LD1,2024,286394,176
LD2,2020,222578,70
LD2,2021,232911,123
LD2,2022,296665,99
LD2,2023,310054,65
LD2,2024,277860,87
LD3,2020,263998,257
LD3,2021,279950,408
LD3,2022,360225,338
LD3,2023,318932,254
LD3,2024,315393,266
LD4,2020,146667,3
LD4,2021,350338,17
LD4,2022,298062,16
LD4,2023,319765,13
LD4,2024,377800,15
LD5,2020,282237,26
LD5,2021,453824,45
LD5,2022,304513,38
LD5,2023,286125,16
LD5,2024,251981,26
LD6,2020,176842,51
LD6,2021,242201,55
LD6,2022,240997,49
LD6,2023,223567,25
LD6,2024,247193,49
LD7,2020,207503,77
LD7,2021,243170,100
LD7,2022,266389,89
LD7,2023,312042,59
LD7,2024,401447,51
LD8,2020,276499,70
LD8,2021,271886,98
LD8,2022,300638,88
LD8,2023,343020,81
LD8,2024,286808,75
LE1,2020,619686,241
LE1,2021,420873,185
LE1,2022,696526,153
LE1,2023,705474,154
LE1,2024,495347,142
LE10,2020,383367,961
LE10,2021,343601,1322
LE10,2022,293992,1051
LE10,2023,327684,834
LE10,2024,282902,943
LE11,2020,294997,833
LE11,2021,241451,1036
LE11,2022,309436,945
LE11,2023,266986,797
LE11,2024,288293,765
LE12,2020,289189,1291
LE12,2021,306773,1844
LE12,2022,337019,1568
LE12,2023,325959,1383
LE12,2024,313212,1422
LE13,2020,264610,451
LE13,2021,286949,659
LE13,2022,282352,636
LE13,2023,276728,559
LE13,2024,272255,617
LE14,2020,379000,368
LE14,2021,391895,529
LE14,2022,407016,342
LE14,2023,392614,327
LE14,2024,378488,358
LE15,2020,381519,573
LE15,2021,400982,801
LE15,2022,431527,677
LE15,2023,422239,511
LE15,2024,455080,632
LE16,2020,522875,766
LE16,2021,388591,1218
LE16,2022,405189,1053
LE16,2023,428699,841
LE16,2024,405539,915
LE17,2020,812535,518
LE17,2021,895562,740
LE17,2022,616986,417
LE17,2023,508364,360
LE17,2024,399988,357
LE18,2020,257976,528
LE18,2021,265435,803
LE18,2022,275767,677
LE18,2023,281774,498
LE18,2024,281483,549
LE19,2020,482234,351
LE19,2021,497262,487
LE19,2022,307792,420
LE19,2023,334333,387
LE19,2024,344075,390
LE2,2020,279782,1234
LE2,2021,279744,1761
LE2,2022,314989,1480
LE2,2023,366726,1303
LE2,2024,299542,1309
LE3,2020,212499,1136
LE3,2021,234328,1623
LE3,2022,248125,1398
LE3,2023,285126,1139
LE3,2024,268419,1191
LE4,2020,242287,863
LE4,2021,266633,1239
LE4,2022,260181,1098
LE4,2023,282089,923
LE4,2024,374765,896
LE5,2020,242568,689
LE5,2021,256997,975
LE5,2022,262666,786
LE5,2023,294229,588
LE5,2024,283485,652
LE6,2020,249281,153
LE6,2021,297954,254
LE6,2022,325565,218
LE6,2023,349489,160
LE6,2024,312789,216
LE65,2020,307562,387
LE65,2021,342265,475
LE65,2022,457380,403
LE65,2023,353188,258
LE65,2024,354881,313
LE67,2020,288260,1204
LE67,2021,258030,1596
LE67,2022,299896,1460
LE67,2023,294220,1134
LE67,2024,346635,1298
LE7,2020,328577,1052
LE7,2021,342747,1212
LE7,2022,451333,853
LE7,2023,369046,839
LE7,2024,412342,898
LE8,2020,303235,721
LE8,2021,326197,1059
LE8,2022,337427,777
LE8,2023,341790,611
LE8,2024,334748,622
LE87,2024,5000000,1
LE9,2020,271260,1115
LE9,2021,291956,1388
LE9,2022,305936,1242
LE9,2023,298669,875
LE9,2024,300222,1031
LL1,2021,475000,1
LL11,2020,165806,568
LL11,2021,187305,740
LL11,2022,208901,664
LL11,2023,234971,570
LL11,2024,216715,591
LL12,2020,249095,422
LL12,2021,259132,609
LL12,2022,279310,484
LL12,2023,269100,382
LL12,2024,277264,426
LL13,2020,205481,348
LL13,2021,239060,596
LL13,2022,305104,475
LL13,2023,238907,392
LL13,2024,239127,397
LL14,2020,163520,353
LL14,2021,355738,495
LL14,2022,201441,437
LL14,2023,197305,360
LL14,2024,197053,397
LL15,2020,221419,182
LL15,2021,283004,226
LL15,2022,308727,205
LL15,2023,309357,156
LL15,2024,255895,113
LL16,2020,240495,193
LL16,2021,237992,358
LL16,2022,246939,276
LL16,2023,261444,153
LL16,2024,276769,209
LL17,2020,212107,85
LL17,2021,303876,136
LL17,2022,299861,103
LL17,2023,283210,132
LL17,2024,291001,142
LL18,2020,167837,705
LL18,2021,207688,871
LL18,2022,192858,871
LL18,2023,188531,677
LL18,2024,206859,691
LL19,2020,169154,342
LL19,2021,266743,489
LL19,2022,202648,437
LL19,2023,194827,324
LL19,2024,190681,347
LL20,2020,218228,147
LL20,2021,780344,191
LL20,2022,274329,180
LL20,2023,350430,108
LL20,2024,344114,125
LL21,2020,213495,92
LL21,2021,282922,112
LL21,2022,282512,104
LL21,2023,315251,78
LL21,2024,312312,69
LL22,2020,199764,360
LL22,2021,216650,475
LL22,2022,232114,400
LL22,2023,230321,318
LL22,2024,236158,340
LL23,2020,141343,48
LL23,2021,256112,80
LL23,2022,305981,66
LL23,2023,214455,44
LL23,2024,271751,59
LL24,2020,231268,38
LL24,2021,274319,52
LL24,2022,321483,39
LL24,2023,295146,27
LL24,2024,340468,31
LL25,2020,202475,8
LL25,2021,201953,17
LL25,2022,271818,11
LL25,2023,183722,9
LL25,2024,281806,9
LL26,2020,208082,49
LL26,2021,258352,75
LL26,2022,213624,50
LL26,2023,247795,56
LL26,2024,237060,49
LL27,2020,233183,18
LL27,2021,220283,21
LL27,2022,275640,21
LL27,2023,290611,18
LL27,2024,382429,7
LL28,2020,224198,240
LL28,2021,257574,365
LL28,2022,256543,325
LL28,2023,248562,283
LL28,2024,252399,282
LL29,2020,188382,269
LL29,2021,237778,449
LL29,2022,212036,442
LL29,2023,214710,354
LL29,2024,242484,342
LL30,2020,237035,373
LL30,2021,231051,571
LL30,2022,242623,510
LL30,2023,256935,383
LL30,2024,248186,463
LL31,2020,235783,183
LL31,2021,255728,304
LL31,2022,271720,241
LL31,2023,266849,176
LL31,2024,264435,172
LL32,2020,273448,135
LL32,2021,276999,182
LL32,2022,302372,132
LL32,2023,291601,88
LL32,2024,399001,102
LL33,2020,221893,49
LL33,2021,213078,91
LL33,2022,248376,72
LL33,2023,248435,42
LL33,2024,231632,67
LL34,2020,176962,84
LL34,2021,209435,120
LL34,2022,193049,91
LL34,2023,248837,56
LL34,2024,218107,72
LL35,2020,290289,45
LL35,2021,369480,53
LL35,2022,350763,60
LL35,2023,232924,33
LL35,2024,340548,38
LL36,2020,166779,78
LL36,2021,173245,126
LL36,2022,247844,117
LL36,2023,192795,88
LL36,2024,196410,104
LL37,2020,250170,15
LL37,2021,336967,15
LL37,2022,280119,21
LL37,2023,271682,11
LL37,2024,269288,13
LL38,2020,113182,11
LL38,2021,138924,27
LL38,2022,185635,25
LL38,2023,182748,26
LL38,2024,147778,16
LL39,2020,71500,2
LL39,2021,302677,11
LL39,2022,218000,3
LL39,2023,298750,4
LL39,2024,360012,8
LL40,2020,176786,71
LL40,2021,221018,101
LL40,2022,276371,87
LL40,2023,233337,81
LL40,2024,263651,91
LL41,2020,132076,125
LL41,2021,128628,161
LL41,2022,148943,153
LL41,2023,130396,126
LL41,2024,141017,116
LL42,2020,219919,63
LL42,2021,251644,75
LL42,2022,260697,71
LL42,2023,279852,71
LL42,2024,198057,48
LL43,2020,283438,8
LL43,2021,209150,10
LL43,2022,264909,11
LL43,2023,305250,10
LL43,2024,275279,17
LL44,2020,191704,23
LL44,2021,322477,26
LL44,2022,268341,22
LL44,2023,399333,12
LL44,2024,230091,22
LL45,2020,207590,20
LL45,2021,223635,26
LL45,2022,297944,18
LL45,2023,237857,7
LL45,2024,218182,13
LL46,2020,226985,48
LL46,2021,243740,67
LL46,2022,303545,42
LL46,2023,199521,35
LL46,2024,241792,52
LL47,2020,199733,15
LL47,2021,244474,21
LL47,2022,202417,12
LL47,2023,214583,6
LL47,2024,185938,13
LL48,2020,150527,37
LL48,2021,179790,49
LL48,2022,182224,38
LL48,2023,206179,34
LL48,2024,186941,37
LL49,2020,209651,88
LL49,2021,212936,120
LL49,2022,300609,93
LL49,2023,274812,84
LL49,2024,289614,80
LL51,2020,324062,8
LL51,2021,398500,14
LL51,2022,320408,17
LL51,2023,339409,11
LL51,2024,273250,7
LL52,2020,278214,42
LL52,2021,292133,69
LL52,2022,309257,46
LL52,2023,332089,46
LL52,2024,296509,54
LL53,2020,263676,286
LL53,2021,323780,414
LL53,2022,511869,300
LL53,2023,351097,246
LL53,2024,323673,247
LL54,2020,175702,156
LL54,2021,185393,217
LL54,2022,224273,188
LL54,2023,249670,159
LL54,2024,199775,158
LL55,2020,172955,283
LL55,2021,197590,386
LL55,2022,247622,329
LL55,2023,339404,259
LL55,2024,236489,291
LL56,2020,181293,46
LL56,2021,194027,56
LL56,2022,225411,62
LL56,2023,249476,51
LL56,2024,229279,60
LL57,2020,197612,284
LL57,2021,221925,401
LL57,2022,213555,414
LL57,2023,210729,332
LL57,2024,214141,319
LL58,2020,262874,58
LL58,2021,295140,77
LL58,2022,356827,81
LL58,2023,396608,58
LL58,2024,352023,45
LL59,2020,294298,106
LL59,2021,360528,124
LL59,2022,331758,100
LL59,2023,385111,69
LL59,2024,349319,65
LL60,2020,220135,49
LL60,2021,236398,60
LL60,2022,273109,45
LL60,2023,217229,39
LL60,2024,262630,27
LL61,2020,226091,84
LL61,2021,275243,126
LL61,2022,283671,93
LL61,2023,686907,75
LL61,2024,292914,96
LL62,2020,256324,17
LL62,2021,270253,32
LL62,2022,319841,25
LL62,2023,411404,13
LL62,2024,384307,15
LL63,2020,280505,18
LL63,2021,315508,25
LL63,2022,308953,19
LL63,2023,261683,14
LL63,2024,362719,16
LL64,2020,444661,28
LL64,2021,386478,45
LL64,2022,542025,28
LL64,2023,624538,28
LL64,2024,593333,33
LL65,2020,193959,338
LL65,2021,204873,564
LL65,2022,254265,453
LL65,2023,222202,302
LL65,2024,236617,320
LL66,2020,233333,3
LL66,2021,401500,2
LL66,2022,283333,3
LL66,2023,387990,5
LL66,2024,392500,4
LL67,2020,233154,34
LL67,2021,235428,46
LL67,2022,276405,31
LL67,2023,239836,22
LL67,2024,225202,24
LL68,2020,198165,123
LL68,2021,201077,148
LL68,2022,242044,109
LL68,2023,260958,70
LL68,2024,234625,83
LL69,2020,195753,18
LL69,2021,205562,17
LL69,2022,213750,10
LL69,2023,214242,6
LL69,2024,274136,11
LL70,2020,226500,2
LL70,2021,425000,3
LL70,2022,670000,1
LL70,2023,513333,3
LL70,2024,450000,1
LL71,2020,258479,24
LL71,2021,241132,30
LL71,2022,358159,28
LL71,2023,214750,12
LL71,2024,206515,30
LL72,2020,295130,25
LL72,2021,350111,14
LL72,2022,294214,22
LL72,2023,313041,11
LL72,2024,251818,11
LL73,2020,250000,1
LL73,2021,259512,6
LL73,2022,347600,5
LL73,2023,212500,2
LL73,2024,475000,2
LL74,2020,247566,65
LL74,2021,295096,91
LL74,2022,301843,74
LL74,2023,387830,36
LL74,2024,287287,60
LL75,2020,254944,26
LL75,2021,397408,37
LL75,2022,420747,31
LL75,2023,280504,20
LL75,2024,349621,15
LL76,2020,323333,3
LL76,2021,220942,4
LL76,2022,505000,3
LL76,2023,296667,3
LL76,2024,250375,4
LL77,2020,189034,104
LL77,2021,237024,124
LL77,2022,256632,142
LL77,2023,208894,96
LL77,2024,247321,95
LL78,2020,367688,10
LL78,2021,301546,28
LL78,2022,278050,8
LL78,2023,367500,4
LL78,2024,286786,7
LN1,2020,244720,580
LN1,2021,279355,942
LN1,2022,294354,726
LN1,2023,266225,479
LN1,2024,262501,511
LN10,2020,295179,152
LN10,2021,318908,197
LN10,2022,342296,165
LN10,2023,342587,120
LN10,2024,345315,175
LN11,2020,220656,613
LN11,2021,249562,918
LN11,2022,277029,706
LN11,2023,264450,529
LN11,2024,295722,533
LN12,2020,156221,317
LN12,2021,183586,466
LN12,2022,215415,362
LN12,2023,186204,253
LN12,2024,193173,277
LN13,2020,209354,138
LN13,2021,233102,259
LN13,2022,236912,165
LN13,2023,262285,88
LN13,2024,244873,106
LN2,2020,242571,709
LN2,2021,266573,1091
LN2,2022,293184,981
LN2,2023,266954,698
LN2,2024,263459,860
LN3,2020,221436,159
LN3,2021,266202,258
LN3,2022,294461,207
LN3,2023,254726,120
LN3,2024,257386,139
LN4,2020,233936,641
LN4,2021,262435,1015
LN4,2022,267322,848
LN4,2023,288837,692
LN4,2024,258044,677
LN5,2020,237174,608
LN5,2021,248246,934
LN5,2022,228902,819
LN5,2023,260529,620
LN5,2024,225102,569
LN6,2020,223398,1062
LN6,2021,237241,1457
LN6,2022,258276,1137
LN6,2023,311804,833
LN6,2024,298575,1017
LN7,2020,233434,106
LN7,2021,274170,190
LN7,2022,250985,146
LN7,2023,284473,66
LN7,2024,247204,90
LN8,2020,298919,332
LN8,2021,302889,476
LN8,2022,263372,386
LN8,2023,286821,375
LN8,2024,318307,302
LN9,2020,220465,227
LN9,2021,252324,326
LN9,2022,252671,290
LN9,2023,255298,266
LN9,2024,244205,256
LS1,2020,1223296,119
LS1,2021,2433513,99
LS1,2022,1366695,118
LS1,2023,2176013,93
LS1,2024,1892051,120
LS10,2020,206455,488
LS10,2021,249999,593
LS10,2022,283251,607
LS10,2023,259864,459
LS10,2024,257392,471
LS11,2020,154700,430
LS11,2021,182223,613
LS11,2022,338172,568
LS11,2023,365159,491
LS11,2024,257604,481
LS12,2020,172528,622
LS12,2021,192215,852
LS12,2022,201616,769
LS12,2023,234734,708
LS12,2024,218773,881
LS13,2020,162199,521
LS13,2021,187407,712
LS13,2022,203296,596
LS13,2023,200604,463
LS13,2024,204199,499
LS14,2020,232856,707
LS14,2021,251030,681
LS14,2022,234043,703
LS14,2023,221324,559
LS14,2024,290978,611
LS15,2020,244591,539
LS15,2021,304344,781
LS15,2022,342905,627
LS15,2023,286726,599
LS15,2024,277226,631
LS16,2020,347794,635
LS16,2021,365740,856
LS16,2022,370027,733
LS16,2023,379980,731
LS16,2024,390172,710
LS17,2020,332198,661
LS17,2021,397317,882
LS17,2022,471570,680
LS17,2023,409027,550
LS17,2024,410278,653
LS18,2020,291927,410
LS18,2021,343155,572
LS18,2022,522385,365
LS18,2023,347532,327
LS18,2024,349599,420
LS19,2020,253882,386
LS19,2021,285923,503
LS19,2022,307967,402
LS19,2023,268962,314
LS19,2024,308823,343
LS2,2020,675281,94
LS2,2021,689106,148
LS2,2022,706054,99
LS2,2023,3051269,73
LS2,2024,782368,85
LS20,2020,323451,213
LS20,2021,365408,288
LS20,2022,316726,253
LS20,2023,332381,167
LS20,2024,342851,212
LS21,2020,320190,336
LS21,2021,326714,385
LS21,2022,399158,299
LS21,2023,361509,267
LS21,2024,344256,319
LS22,2020,408290,358
LS22,2021,463547,427
LS22,2022,462728,369
LS22,2023,442861,289
LS22,2024,475430,328
LS23,2020,377469,189
LS23,2021,409401,248
LS23,2022,431111,194
LS23,2023,407075,132
LS23,2024,446278,159
LS24,2020,342627,166
LS24,2021,325720,231
LS24,2022,323351,238
LS24,2023,345521,219
LS24,2024,328307,202
LS25,2020,248689,918
LS25,2021,261886,1187
LS25,2022,284966,1087
LS25,2023,287447,802
LS25,2024,278151,917
LS26,2020,218461,517
LS26,2021,259285,686
LS26,2022,261208,527
LS26,2023,294892,433
LS26,2024,277016,518
LS27,2020,216177,776
LS27,2021,237178,1016
LS27,2022,244175,856
LS27,2023,224364,678
LS27,2024,238034,749
LS28,2020,222081,727
LS28,2021,239911,960
LS28,2022,254774,766
LS28,2023,251666,667
LS28,2024,258057,669
LS29,2020,397232,664
LS29,2021,476046,944
LS29,2022,474289,699
LS29,2023,526268,583
LS29,2024,474042,691
LS3,2020,7395841,23
LS3,2021,1854317,26
LS3,2022,337603,21
LS3,2023,458306,18
LS3,2024,526411,28
LS4,2020,190500,147
LS4,2021,196266,244
LS4,2022,214772,131
LS4,2023,224387,232
LS4,2024,213773,153
LS5,2020,193897,127
LS5,2021,226414,178
LS5,2022,225412,147
LS5,2023,448073,123
LS5,2024,222144,132
LS6,2020,257002,512
LS6,2021,439825,664
LS6,2022,312056,514
LS6,2023,314642,506
LS6,2024,300678,488
LS7,2020,197209,521
LS7,2021,178951,789
LS7,2022,370819,375
LS7,2023,308900,364
LS7,2024,292343,371
LS8,2020,254507,582
LS8,2021,276848,754
LS8,2022,296659,662
LS8,2023,301773,524
LS8,2024,325514,600
LS9,2020,171234,611
LS9,2021,211122,559
LS9,2022,182517,500
LS9,2023,223951,508
LS9,2024,183859,623
LU1,2020,409082,467
LU1,2021,411410,750
LU1,2022,528646,571
LU1,2023,358244,487
LU1,2024,370281,466
LU2,2020,296863,836
LU2,2021,317561,1436
LU2,2022,327412,1171
LU2,2023,338465,809
LU2,2024,366636,833
LU3,2020,291210,571
LU3,2021,306255,895
LU3,2022,321906,736
LU3,2023,336676,603
LU3,2024,362377,667
LU4,2020,496470,394
LU4,2021,466532,612
LU4,2022,484520,555
LU4,2023,318435,364
LU4,2024,360224,433
LU5,2020,317312,650
LU5,2021,496364,1078
LU5,2022,652398,1018
LU5,2023,354267,729
LU5,2024,432397,812
LU6,2020,360891,516
LU6,2021,390935,815
LU6,2022,387396,613
LU6,2023,385949,447
LU6,2024,410443,504
LU7,2020,364180,1249
LU7,2021,384501,1796
LU7,2022,404342,1525
LU7,2023,395476,1039
LU7,2024,418746,1231
M1,2020,454730,423
M1,2021,659115,700
M1,2022,534624,534
M1,2023,749131,267
M1,2024,466800,622
M11,2020,164612,239
M11,2021,186311,328
M11,2022,194183,246
M11,2023,199011,188
M11,2024,209140,214
M12,2020,220031,151
M12,2021,246428,161
M12,2022,222290,136
M12,2023,385671,106
M12,2024,399788,121
M13,2020,241709,155
M13,2021,236724,188
M13,2022,257308,168
M13,2023,266371,122
M13,2024,455109,106
M14,2020,240420,404
M14,2021,244505,574
M14,2022,249235,452
M14,2023,453014,385
M14,2024,327517,395
M15,2020,297041,1093
M15,2021,414504,913
M15,2022,349616,1013
M15,2023,318325,697
M15,2024,315295,917
M16,2020,219911,517
M16,2021,250334,696
M16,2022,308165,419
M16,2023,251889,710
M16,2024,274462,487
M17,2020,15324781,16
M17,2021,330350,325
M17,2022,2602356,77
M17,2023,2997146,15
M17,2024,5739935,18
M18,2020,125150,312
M18,2021,171896,316
M18,2022,172397,395
M18,2023,197347,343
M18,2024,190430,296
M19,2020,225969,404
M19,2021,233284,532
M19,2022,256118,450
M19,2023,287363,413
M19,2024,273724,428
M2,2020,3758080,18
M2,2021,3107929,23
M2,2022,9926734,24
M2,2023,4496210,21
M2,2024,7038935,23
M20,2020,361226,793
M20,2021,372069,1117
M20,2022,382146,904
M20,2023,518191,699
M20,2024,416493,673
M21,2020,339236,389
M21,2021,369695,504
M21,2022,408060,445
M21,2023,427344,365
M21,2024,411387,391
M22,2020,198769,393
M22,2021,273097,536
M22,2022,268810,481
M22,2023,230214,354
M22,2024,315953,430
M23,2020,198903,337
M23,2021,269824,481
M23,2022,255010,409
M23,2023,258679,375
M23,2024,273630,418
M24,2020,186206,813
M24,2021,196899,1159
M24,2022,222259,1041
M24,2023,217208,700
M24,2024,277221,812
M25,2020,353937,408
M25,2021,280324,618
M25,2022,305664,533
M25,2023,298793,424
M25,2024,313134,488
M26,2020,169983,596
M26,2021,194333,709
M26,2022,186450,632
M26,2023,204808,512
M26,2024,254766,573
M27,2020,214711,718
M27,2021,218712,912
M27,2022,258869,805
M27,2023,261109,689
M27,2024,282909,648
M28,2020,254358,805
M28,2021,290408,1150
M28,2022,353099,1078
M28,2023,298923,790
M28,2024,299527,733
M29,2020,209112,485
M29,2021,205375,553
M29,2022,259397,493
M29,2023,252480,310
M29,2024,236178,351
M3,2020,446894,445
M3,2021,747631,1091
M3,2022,349534,1142
M3,2023,726770,434
M3,2024,470620,357
M30,2020,210503,628
M30,2021,232349,782
M30,2022,237213,655
M30,2023,239130,524
M30,2024,271343,618
M31,2020,164566,82
M31,2021,186144,151
M31,2022,352566,155
M31,2023,283674,125
M31,2024,297101,149
M32,2020,316893,379
M32,2021,281271,604
M32,2022,278943,443
M32,2023,405023,378
M32,2024,340692,341
M33,2020,392969,888
M33,2021,358970,1403
M33,2022,417500,1053
M33,2023,402304,828
M33,2024,404840,923
M34,2020,207641,668
M34,2021,191317,1036
M34,2022,215516,850
M34,2023,235074,709
M34,2024,240250,749
M35,2020,178473,317
M35,2021,232114,499
M35,2022,213019,409
M35,2023,202999,333
M35,2024,200789,357
M38,2020,108520,140
M38,2021,148998,192
M38,2022,159027,177
M38,2023,149786,137
M38,2024,195348,193
M4,2020,267823,996
M4,2021,380097,879
M4,2022,287267,671
M4,2023,326385,513
M4,2024,381759,592
M40,2020,165503,608
M40,2021,195058,701
M40,2022,224382,572
M40,2023,190416,514
M40,2024,232606,519
M41,2020,311644,637
M41,2021,490426,912
M41,2022,366540,672
M41,2023,409341,454
M41,2024,404280,619
M43,2020,157576,329
M43,2021,179849,467
M43,2022,209524,521
M43,2023,228293,444
M43,2024,221601,415
M44,2020,194431,267
M44,2021,268547,393
M44,2022,379676,305
M44,2023,275130,244
M44,2024,255754,294
M45,2020,238681,300
M45,2021,249140,430
M45,2022,283829,357
M45,2023,267086,303
M45,2024,317618,333
M46,2020,150457,377
M46,2021,194768,489
M46,2022,203331,434
M46,2023,177233,384
M46,2024,202386,416
M5,2020,290837,679
M5,2021,228522,1241
M5,2022,508090,650
M5,2023,205637,605
M5,2024,236605,663
M50,2020,660051,190
M50,2021,344366,184
M50,2022,307521,217
M50,2023,214772,464
M50,2024,479901,279
M6,2020,198305,514
M6,2021,197570,800
M6,2022,244013,617
M6,2023,256566,599
M6,2024,221965,743
M60,2020,48420000,1
M60,2022,33068294,1
M60,2023,8750000,1
M7,2020,210290,300
M7,2021,252175,472
M7,2022,273222,413
M7,2023,270191,264
M7,2024,298846,290
M8,2020,200844,272
M8,2021,187179,346
M8,2022,225811,312
M8,2023,228806,246
M8,2024,231462,261
M9,2020,136302,465
M9,2021,149569,631
M9,2022,163855,564
M9,2023,170521,476
M9,2024,179122,478
M90,2020,12712424,6
M90,2021,2477998,1
M90,2022,6000000,1
M90,2024,2905500,2
ME1,2020,312295,608
ME1,2021,326281,918
ME1,2022,339869,753
ME1,2023,378855,562
ME1,2024,344706,541
ME10,2020,252494,885
ME10,2021,376003,1207
ME10,2022,340407,1043
ME10,2023,367573,778
ME10,2024,357701,970
ME11,2020,259904,65
ME11,2021,434643,58
ME11,2022,246936,54
ME11,2023,252478,59
ME11,2024,504276,38
ME12,2020,432782,613
ME12,2021,268408,813
ME12,2022,285926,743
ME12,2023,294361,501
ME12,2024,370831,626
ME13,2020,429377,616
ME13,2021,377340,855
ME13,2022,395123,694
ME13,2023,384505,372
ME13,2024,388986,482
ME14,2020,350699,675
ME14,2021,393746,971
ME14,2022,433509,645
ME14,2023,333841,686
ME14,2024,413478,643
ME15,2020,535337,749
ME15,2021,668617,1138
ME15,2022,508365,801
ME15,2023,366391,695
ME15,2024,352318,713
ME16,2020,313211,581
ME16,2021,373063,873
ME16,2022,354633,674
ME16,2023,364811,527
ME16,2024,414535,563
ME17,2020,484407,540
ME17,2021,437256,946
ME17,2022,466524,671
ME17,2023,481476,430
ME17,2024,446111,470
ME18,2020,500198,124
ME18,2021,531089,215
ME18,2022,577687,107
ME18,2023,494831,78
ME18,2024,480774,83
ME19,2020,544210,437
ME19,2021,490460,726
ME19,2022,509055,548
ME19,2023,527908,414
ME19,2024,552258,441
ME2,2020,286913,620
ME2,2021,295415,946
ME2,2022,329034,708
ME2,2023,332130,588
ME2,2024,337456,607
ME20,2020,459626,340
ME20,2021,534767,538
ME20,2022,453052,373
ME20,2023,419728,296
ME20,2024,393716,418
ME3,2020,460785,538
ME3,2021,438927,775
ME3,2022,389121,567
ME3,2023,394677,432
ME3,2024,391257,482
ME4,2020,351355,529
ME4,2021,283676,855
ME4,2022,299239,661
ME4,2023,305665,711
ME4,2024,345168,563
ME5,2020,272615,715
ME5,2021,301478,1102
ME5,2022,319995,873
ME5,2023,353912,648
ME5,2024,313964,740
ME6,2020,340260,226
ME6,2021,301451,355
ME6,2022,306472,218
ME6,2023,306010,173
ME6,2024,297406,182
ME7,2020,274740,651
ME7,2021,271148,1003
ME7,2022,282293,878
ME7,2023,288401,661
ME7,2024,271972,724
ME8,2020,444238,719
ME8,2021,340439,1133
ME8,2022,398422,785
ME8,2023,347231,739
ME8,2024,366256,859
ME9,2020,500221,372
ME9,2021,408906,521
ME9,2022,446681,371
ME9,2023,653452,256
ME9,2024,417781,372
MK1,2020,1927850,10
MK1,2021,7010251,25
MK1,2022,696570,23
MK1,2023,3025290,17
MK1,2024,1863333,15
MK10,2020,427576,559
MK10,2021,464566,672
MK10,2022,614094,533
MK10,2023,411376,396
MK10,2024,384951,339
MK11,2020,380256,227
MK11,2021,372048,307
MK11,2022,382658,357
MK11,2023,366732,195
MK11,2024,353613,185
MK12,2020,232582,191
MK12,2021,356813,306
MK12,2022,341727,226
MK12,2023,413115,199
MK12,2024,486214,180
MK13,2020,362608,230
MK13,2021,425212,314
MK13,2022,442541,264
MK13,2023,311606,178
MK13,2024,487999,246
MK14,2020,293643,261
MK14,2021,417079,356
MK14,2022,381966,262
MK14,2023,392984,214
MK14,2024,345912,218
MK15,2020,480287,93
MK15,2021,370725,129
MK15,2022,488570,120
MK15,2023,466729,84
MK15,2024,829170,101
MK16,2020,423868,252
MK16,2021,376130,453
MK16,2022,2610928,306
MK16,2023,359134,272
MK16,2024,394772,307
MK17,2020,531879,564
MK17,2021,487147,971
MK17,2022,501995,1053
MK17,2023,488841,717
MK17,2024,522476,612
MK18,2020,402623,583
MK18,2021,399879,882
MK18,2022,500929,710
MK18,2023,464469,495
MK18,2024,455655,635
MK19,2020,465307,277
MK19,2021,422453,357
MK19,2022,436969,276
MK19,2023,417252,165
MK19,2024,401015,165
MK2,2020,226583,182
MK2,2021,260230,267
MK2,2022,319359,225
MK2,2023,270827,201
MK2,2024,249658,204
MK3,2020,291791,461
MK3,2021,287538,676
MK3,2022,323427,498
MK3,2023,329473,420
MK3,2024,312778,443
MK4,2020,373207,318
MK4,2021,363107,517
MK4,2022,410922,459
MK4,2023,362545,408
MK4,2024,414484,413
MK40,2020,440068,616
MK40,2021,377144,832
MK40,2022,389796,765
MK40,2023,376974,534
MK40,2024,443277,601
MK41,2020,352442,565
MK41,2021,416230,790
MK41,2022,423410,593
MK41,2023,365512,491
MK41,2024,369045,594
MK42,2020,286231,934
MK42,2021,334329,1237
MK42,2022,412259,1060
MK42,2023,330504,830
MK42,2024,342880,911
MK43,2020,371622,852
MK43,2021,516618,1094
MK43,2022,1017025,826
MK43,2023,517997,645
MK43,2024,412141,663
MK44,2020,440109,270
MK44,2021,599227,393
MK44,2022,521095,291
MK44,2023,488135,238
MK44,2024,504470,272
MK45,2020,398589,1014
MK45,2021,430621,1365
MK45,2022,506855,995
MK45,2023,522885,652
MK45,2024,487139,836
MK46,2020,566949,165
MK46,2021,476870,305
MK46,2022,536835,297
MK46,2023,544127,241
MK46,2024,449662,250
MK5,2020,416062,199
MK5,2021,460718,274
MK5,2022,471899,230
MK5,2023,569253,179
MK5,2024,476723,188
MK6,2020,259491,189
MK6,2021,390498,303
MK6,2022,335944,255
MK6,2023,346004,162
MK6,2024,261882,217
MK7,2020,446556,170
MK7,2021,484565,283
MK7,2022,525819,282
MK7,2023,496675,165
MK7,2024,367798,184
MK8,2020,385589,300
MK8,2021,443848,402
MK8,2022,400299,351
MK8,2023,420059,335
MK8,2024,481560,488
MK9,2020,399440,68
MK9,2021,550806,253
MK9,2022,972953,104
MK9,2023,312849,80
MK9,2024,578915,150
N1,2020,954441,920
N1,2021,1011060,1302
N1,2022,975247,1240
N1,2023,1000225,976
N1,2024,946193,1167
N10,2020,868322,284
N10,2021,865431,430
N10,2022,908732,394
N10,2023,934002,328
N10,2024,918428,323
N11,2020,579402,337
N11,2021,521918,509
N11,2022,568589,332
N11,2023,663281,258
N11,2024,624015,309
N12,2020,661102,381
N12,2021,630145,469
N12,2022,643174,339
N12,2023,729777,311
N12,2024,631615,417
N13,2020,516476,253
N13,2021,535030,455
N13,2022,580862,414
N13,2023,539911,308
N13,2024,548541,327
N14,2020,647113,290
N14,2021,705795,408
N14,2022,753333,368
N14,2023,661744,300
N14,2024,638411,340
N15,2020,746979,319
N15,2021,615071,558
N15,2022,700452,418
N15,2023,623498,397
N15,2024,565054,471
N16,2020,703265,534
N16,2021,775395,855
N16,2022,838663,734
N16,2023,760460,551
N16,2024,750007,687
N17,2020,588610,540
N17,2021,486356,861
N17,2022,519132,620
N17,2023,734272,682
N17,2024,482738,492
N18,2020,465797,190
N18,2021,586131,295
N18,2022,424384,230
N18,2023,1052741,197
N18,2024,426889,235
N19,2020,647167,262
N19,2021,766572,435
N19,2022,903180,381
N19,2023,838927,316
N19,2024,730688,328
N1C,2020,1109467,103
N1C,2021,2489767,47
N1C,2022,1717196,28
N1C,2023,1186019,111
N1C,2024,1420325,41
N2,2020,1229089,229
N2,2021,1297364,391
N2,2022,1393128,318
N2,2023,1757337,260
N2,2024,1541869,315
N20,2020,857513,264
N20,2021,922336,367
N20,2022,893116,362
N20,2023,738930,366
N20,2024,833428,296
N21,2020,634925,256
N21,2021,707532,468
N21,2022,719483,367
N21,2023,719826,233
N21,2024,749883,269
N22,2020,640275,340
N22,2021,677993,542
N22,2022,625272,454
N22,2023,630747,344
N22,2024,578866,425
N3,2020,723532,314
N3,2021,794334,430
N3,2022,754678,502
N3,2023,765676,283
N3,2024,756729,272
N4,2020,592227,872
N4,2021,667186,1197
N4,2022,758702,814
N4,2023,659174,572
N4,2024,685896,901
N5,2020,883695,301
N5,2021,915425,385
N5,2022,935561,363
N5,2023,985814,314
N5,2024,910038,331
N6,2020,1328780,234
N6,2021,1310805,399
N6,2022,1607948,335
N6,2023,1381524,268
N6,2024,1252971,299
N7,2020,915908,441
N7,2021,812680,565
N7,2022,880387,593
N7,2023,721068,466
N7,2024,699277,484
N8,2020,650700,522
N8,2021,702865,861
N8,2022,683769,958
N8,2023,665181,702
N8,2024,692677,589
N9,2020,328388,322
N9,2021,399400,538
N9,2022,378333,408
N9,2023,389098,324
N9,2024,386800,393
NE1,2020,407543,253
NE1,2021,751457,171
NE1,2022,750802,177
NE1,2023,862123,168
NE1,2024,1215453,188
NE10,2020,169982,374
NE10,2021,153262,527
NE10,2022,155038,452
NE10,2023,136393,393
NE10,2024,190811,444
NE11,2020,214251,248
NE11,2021,204204,316
NE11,2022,211673,266
NE11,2023,267776,284
NE11,2024,185749,254
NE12,2020,198413,591
NE12,2021,206483,791
NE12,2022,235571,699
NE12,2023,250236,626
NE12,2024,213593,578
NE13,2020,267437,676
NE13,2021,275482,975
NE13,2022,271522,990
NE13,2023,268607,810
NE13,2024,263237,677
NE15,2020,216829,512
NE15,2021,201521,761
NE15,2022,203274,716
NE15,2023,202670,644
NE15,2024,186614,624
NE16,2020,203357,419
NE16,2021,238966,526
NE16,2022,199154,501
NE16,2023,230027,384
NE16,2024,237287,453
NE17,2020,153767,45
NE17,2021,124072,111
NE17,2022,130040,117
NE17,2023,111443,95
NE17,2024,124297,127
NE18,2020,484250,8
NE18,2021,329899,17
NE18,2022,573250,10
NE18,2023,695955,11
NE18,2024,402933,15
NE19,2020,339318,30
NE19,2021,323242,40
NE19,2022,435411,38
NE19,2023,434957,23
NE19,2024,313358,31
NE2,2020,445045,331
NE2,2021,428259,539
NE2,2022,562263,463
NE2,2023,547024,379
NE2,2024,354886,371
NE20,2020,453391,331
NE20,2021,508014,416
NE20,2022,562362,330
NE20,2023,549974,259
NE20,2024,531581,253
NE21,2020,170357,315
NE21,2021,178540,409
NE21,2022,176507,370
NE21,2023,169735,305
NE21,2024,195448,334
NE22,2020,154897,343
NE22,2021,161448,386
NE22,2022,178466,367
NE22,2023,176665,352
NE22,2024,167184,445
NE23,2020,303750,675
NE23,2021,184835,986
NE23,2022,191944,778
NE23,2023,211080,748
NE23,2024,207062,813
NE24,2020,153672,661
NE24,2021,141630,909
NE24,2022,153574,910
NE24,2023,149352,730
NE24,2024,169244,736
NE25,2020,247596,512
NE25,2021,246620,628
NE25,2022,214111,659
NE25,2023,247600,536
NE25,2024,274910,494
NE26,2020,267751,314
NE26,2021,293140,429
NE26,2022,316480,371
NE26,2023,422286,366
NE26,2024,340438,385
NE27,2020,233992,432
NE27,2021,243660,400
NE27,2022,347207,333
NE27,2023,223244,263
NE27,2024,356388,237
NE28,2020,187279,781
NE28,2021,174064,927
NE28,2022,183930,849
NE28,2023,174494,796
NE28,2024,173845,840
NE29,2020,167589,506
NE29,2021,172132,734
NE29,2022,199751,765
NE29,2023,188678,629
NE29,2024,201491,761
NE3,2020,276242,768
NE3,2021,322968,1136
NE3,2022,316434,849
NE3,2023,309762,860
NE3,2024,309621,859
NE30,2020,263125,408
NE30,2021,268460,602
NE30,2022,273003,460
NE30,2023,293575,419
NE30,2024,316339,425
NE31,2020,202737,346
NE31,2021,167383,492
NE31,2022,165555,507
NE31,2023,171148,351
NE31,2024,187931,401
NE32,2020,172660,213
NE32,2021,131227,355
NE32,2022,143709,345
NE32,2023,156651,263
NE32,2024,151942,295
NE33,2020,116025,402
NE33,2021,128201,619
NE33,2022,138139,555
NE33,2023,151458,538
NE33,2024,140872,546
NE34,2020,243330,553
NE34,2021,156236,761
NE34,2022,166130,699
NE34,2023,194137,547
NE34,2024,162097,607
NE35,2020,220306,78
NE35,2021,157092,121
NE35,2022,159827,76
NE35,2023,586712,78
NE35,2024,175255,82
NE36,2020,269295,116
NE36,2021,235481,149
NE36,2022,231442,115
NE36,2023,227123,96
NE36,2024,226128,110
NE37,2020,254552,295
NE37,2021,157973,323
NE37,2022,201321,326
NE37,2023,305880,300
NE37,2024,121341,283
NE38,2020,284827,394
NE38,2021,430935,516
NE38,2022,293320,421
NE38,2023,204588,334
NE38,2024,199975,354
NE39,2020,205335,107
NE39,2021,202283,221
NE39,2022,220007,187
NE39,2023,227980,120
NE39,2024,220167,159
NE4,2020,357794,276
NE4,2021,186457,456
NE4,2022,227596,350
NE4,2023,393378,346
NE4,2024,219797,353
NE40,2020,230838,323
NE40,2021,190129,407
NE40,2022,199267,404
NE40,2023,209748,335
NE40,2024,205105,302
NE41,2020,303300,25
NE41,2021,319699,44
NE41,2022,448252,34
NE41,2023,374455,33
NE41,2024,353367,32
NE42,2020,245225,175
NE42,2021,190022,210
NE42,2022,215276,223
NE42,2023,195354,168
NE42,2024,235353,184
NE43,2020,425403,86
NE43,2021,400155,106
NE43,2022,457688,76
NE43,2023,358763,76
NE43,2024,338491,72
NE44,2020,471156,16
NE44,2021,459881,34
NE44,2022,504472,18
NE44,2023,468767,18
NE44,2024,505943,22
NE45,2020,350142,64
NE45,2021,489437,128
NE45,2022,394157,118
NE45,2023,410835,108
NE45,2024,423797,58
NE46,2020,287128,256
NE46,2021,321351,346
NE46,2022,318810,304
NE46,2023,277008,248
NE46,2024,317470,273
NE47,2020,281341,122
NE47,2021,326329,139
NE47,2022,296052,116
NE47,2023,565624,131
NE47,2024,431848,111
NE48,2020,258795,61
NE48,2021,245964,85
NE48,2022,302338,80
NE48,2023,279636,65
NE48,2024,256502,66
NE49,2020,156153,54
NE49,2021,179718,95
NE49,2022,196142,58
NE49,2023,151117,50
NE49,2024,175108,70
NE5,2020,184717,718
NE5,2021,169151,1036
NE5,2022,189488,904
NE5,2023,191610,850
NE5,2024,191641,808
NE6,2020,231008,591
NE6,2021,152016,776
NE6,2022,163625,653
NE6,2023,203266,664
NE6,2024,188403,682
NE61,2020,266018,774
NE61,2021,259205,1077
NE61,2022,290061,902
NE61,2023,280263,797
NE61,2024,302118,736
NE62,2020,118963,143
NE62,2021,117549,191
NE62,2022,127056,166
NE62,2023,144736,171
NE62,2024,142131,218
NE63,2020,167757,518
NE63,2021,131125,749
NE63,2022,133401,802
NE63,2023,213778,535
NE63,2024,133692,633
NE64,2020,326477,104
NE64,2021,117336,130
NE64,2022,115902,115
NE64,2023,125902,89
NE64,2024,134031,97
NE65,2020,261277,448
NE65,2021,309502,545
NE65,2022,360755,529
NE65,2023,399783,478
NE65,2024,287784,560
NE66,2020,268951,383
NE66,2021,324285,486
NE66,2022,322806,414
NE66,2023,351823,391
NE66,2024,374882,373
NE67,2020,295162,52
NE67,2021,342477,44
NE67,2022,392886,28
NE67,2023,363775,46
NE67,2024,426245,66
NE68,2020,273999,77
NE68,2021,297918,69
NE68,2022,327896,48
NE68,2023,325978,48
NE68,2024,330850,52
NE69,2020,509846,13
NE69,2021,689728,12
NE69,2022,520875,12
NE69,2023,573034,13
NE69,2024,636777,13
NE7,2020,454704,214
NE7,2021,252396,289
NE7,2022,262288,270
NE7,2023,253596,230
NE7,2024,233919,219
NE70,2020,212181,55
NE70,2021,320063,57
NE70,2022,272216,51
NE70,2023,416328,27
NE70,2024,379878,32
NE71,2020,228217,61
NE71,2021,197590,82
NE71,2022,240940,91
NE71,2023,246530,74
NE71,2024,264458,60
NE8,2020,152894,481
NE8,2021,136571,617
NE8,2022,139406,755
NE8,2023,135390,648
NE8,2024,169076,562
NE9,2020,176065,503
NE9,2021,177090,626
NE9,2022,212568,558
NE9,2023,200741,544
NE9,2024,192756,549
NE98,2022,330004,4
NG1,2020,1194079,227
NG1,2021,615198,317
NG1,2022,496638,271
NG1,2023,736525,196
NG1,2024,509158,218
NG10,2020,188985,789
NG10,2021,206814,1047
NG10,2022,230208,933
NG10,2023,233920,646
NG10,2024,231422,765
NG11,2020,268787,528
NG11,2021,287353,736
NG11,2022,312125,829
NG11,2023,315004,598
NG11,2024,311662,668
NG12,2020,443551,741
NG12,2021,360601,1106
NG12,2022,378079,932
NG12,2023,400174,789
NG12,2024,380715,727
NG13,2020,385477,427
NG13,2021,349542,687
NG13,2022,405105,635
NG13,2023,361366,473
NG13,2024,361690,529
NG14,2020,310857,371
NG14,2021,358999,594
NG14,2022,330698,529
NG14,2023,354495,431
NG14,2024,351965,475
NG15,2020,235928,867
NG15,2021,300627,1161
NG15,2022,258281,991
NG15,2023,266227,760
NG15,2024,277850,906
NG16,2020,213100,1012
NG16,2021,231801,1374
NG16,2022,241421,1237
NG16,2023,231317,977
NG16,2024,256226,1090
NG17,2020,169506,1111
NG17,2021,195950,1496
NG17,2022,217068,1287
NG17,2023,240783,1038
NG17,2024,216863,1334
NG18,2020,234004,923
NG18,2021,218235,1066
NG18,2022,248971,1068
NG18,2023,211749,685
NG18,2024,252747,727
NG19,2020,162610,891
NG19,2021,176149,1141
NG19,2022,187807,942
NG19,2023,188202,807
NG19,2024,195218,882
NG2,2020,292804,1007
NG2,2021,330240,1276
NG2,2022,388241,1118
NG2,2023,404843,875
NG2,2024,411153,942
NG20,2020,139673,411
NG20,2021,149505,590
NG20,2022,165194,490
NG20,2023,200260,407
NG20,2024,199148,460
NG21,2020,196209,533
NG21,2021,218050,658
NG21,2022,226198,562
NG21,2023,220490,482
NG21,2024,235688,465
NG22,2020,254783,469
NG22,2021,255541,635
NG22,2022,261658,555
NG22,2023,280912,495
NG22,2024,267682,554
NG23,2020,316379,351
NG23,2021,367115,497
NG23,2022,434137,341
NG23,2023,414552,249
NG23,2024,373159,319
NG24,2020,207738,964
NG24,2021,225636,1343
NG24,2022,244502,1176
NG24,2023,260648,917
NG24,2024,254778,1049
NG25,2020,406943,192
NG25,2021,403431,248
NG25,2022,394667,174
NG25,2023,418688,130
NG25,2024,436446,145
NG3,2020,223680,684
NG3,2021,249206,947
NG3,2022,248751,884
NG3,2023,322368,709
NG3,2024,250107,747
NG31,2020,288027,762
NG31,2021,210496,1168
NG31,2022,230299,894
NG31,2023,243060,750
NG31,2024,233031,818
NG32,2020,352907,196
NG32,2021,444698,262
NG32,2022,428255,198
NG32,2023,333227,152
NG32,2024,420508,182
NG33,2020,301078,157
NG33,2021,421287,219
NG33,2022,413790,164
NG33,2023,322216,149
NG33,2024,348948,206
NG34,2020,227747,811
NG34,2021,245371,1091
NG34,2022,261058,916
NG34,2023,260620,729
NG34,2024,273921,765
NG4,2020,186431,731
NG4,2021,217137,1045
NG4,2022,236326,892
NG4,2023,250166,743
NG4,2024,245153,763
NG5,2020,192891,1229
NG5,2021,213009,1651
NG5,2022,238599,1418
NG5,2023,218947,1155
NG5,2024,235082,1294
NG6,2020,175602,452
NG6,2021,224945,592
NG6,2022,184709,616
NG6,2023,178272,491
NG6,2024,244092,520
NG7,2020,294770,572
NG7,2021,315486,775
NG7,2022,386963,673
NG7,2023,1430069,661
NG7,2024,418735,569
NG8,2020,244883,739
NG8,2021,247175,883
NG8,2022,251783,889
NG8,2023,253272,664
NG8,2024,255755,680
NG9,2020,397337,1089
NG9,2021,281143,1544
NG9,2022,303891,1213
NG9,2023,341910,1077
NG9,2024,304682,1213
NN1,2020,266861,520
NN1,2021,297178,755
NN1,2022,261359,709
NN1,2023,260712,537
NN1,2024,287753,525
NN10,2020,228161,618
NN10,2021,249997,982
NN10,2022,271604,788
NN10,2023,256901,582
NN10,2024,258808,636
NN11,2020,303995,719
NN11,2021,341891,905
NN11,2022,574617,823
NN11,2023,339012,604
NN11,2024,342594,688
NN12,2020,501776,595
NN12,2021,396138,796
NN12,2022,426180,673
NN12,2023,404100,632
NN12,2024,494389,694
NN13,2020,366200,399
NN13,2021,367361,589
NN13,2022,433912,484
NN13,2023,396453,383
NN13,2024,407489,401
NN14,2020,389610,839
NN14,2021,319259,1205
NN14,2022,643427,1033
NN14,2023,329351,724
NN14,2024,325299,894
NN15,2020,271382,719
NN15,2021,334036,1059
NN15,2022,428483,993
NN15,2023,301100,790
NN15,2024,320480,828
NN16,2020,189356,483
NN16,2021,205311,694
NN16,2022,219751,601
NN16,2023,255544,440
NN16,2024,235221,536
NN17,2020,269637,613
NN17,2021,360050,819
NN17,2022,323592,849
NN17,2023,319967,570
NN17,2024,293075,779
NN18,2020,303972,560
NN18,2021,288425,801
NN18,2022,249197,664
NN18,2023,247090,443
NN18,2024,241636,482
NN2,2020,263293,744
NN2,2021,291211,1101
NN2,2022,290414,851
NN2,2023,281586,738
NN2,2024,273731,786
NN29,2020,281418,151
NN29,2021,289102,246
NN29,2022,345135,169
NN29,2023,326213,217
NN29,2024,317158,238
NN3,2020,410244,1053
NN3,2021,280627,1464
NN3,2022,318066,1214
NN3,2023,342162,913
NN3,2024,326987,1039
NN4,2020,483913,778
NN4,2021,338025,1196
NN4,2022,607541,1084
NN4,2023,412178,800
NN4,2024,373330,870
NN5,2020,245718,692
NN5,2021,314992,1074
NN5,2022,487668,1135
NN5,2023,284363,713
NN5,2024,297176,771
NN6,2020,428610,600
NN6,2021,501597,896
NN6,2022,939426,726
NN6,2023,563879,740
NN6,2024,681244,775
NN7,2020,384759,408
NN7,2021,413383,580
NN7,2022,488097,482
NN7,2023,463903,426
NN7,2024,432420,563
NN8,2020,278599,775
NN8,2021,283357,1096
NN8,2022,455497,1204
NN8,2023,291929,1035
NN8,2024,311906,1047
NN9,2020,291345,570
NN9,2021,317674,790
NN9,2022,284480,604
NN9,2023,486242,389
NN9,2024,279575,460
NP1,2021,317500,2
NP10,2020,257081,437
NP10,2021,264450,522
NP10,2022,291578,410
NP10,2023,285962,410
NP10,2024,308367,394
NP11,2020,154701,471
NP11,2021,153816,675
NP11,2022,186803,611
NP11,2023,167861,479
NP11,2024,254627,533
NP12,2020,178382,467
NP12,2021,185081,632
NP12,2022,243044,556
NP12,2023,195855,369
NP12,2024,216659,506
NP13,2020,90986,284
NP13,2021,103966,404
NP13,2022,120379,390
NP13,2023,109333,309
NP13,2024,128365,267
NP15,2020,408251,91
NP15,2021,444022,186
NP15,2022,462911,118
NP15,2023,471859,91
NP15,2024,465751,115
NP16,2020,368814,323
NP16,2021,395021,689
NP16,2022,382492,507
NP16,2023,387552,392
NP16,2024,382913,432
NP18,2020,293943,278
NP18,2021,321220,338
NP18,2022,344371,324
NP18,2023,369106,288
NP18,2024,385067,278
NP19,2020,170344,802
NP19,2021,207192,1227
NP19,2022,199243,1225
NP19,2023,205855,979
NP19,2024,237014,1021
NP2,2021,170000,2
NP2,2022,150000,1
NP2,2023,175000,1
NP2,2024,299999,1
NP20,2020,219447,673
NP20,2021,240071,896
NP20,2022,224819,902
NP20,2023,223210,806
NP20,2024,224173,779
NP22,2020,121489,261
NP22,2021,126350,350
NP22,2022,145728,358
NP22,2023,152110,226
NP22,2024,148082,251
NP23,2020,130425,440
NP23,2021,147412,628
NP23,2022,163827,599
NP23,2023,168078,446
NP23,2024,171631,415
NP24,2020,77087,51
NP24,2021,109676,92
NP24,2022,106791,75
NP24,2023,98178,72
NP24,2024,96692,61
NP25,2020,361676,264
NP25,2021,369494,371
NP25,2022,410856,265
NP25,2023,427241,232
NP25,2024,395385,248
NP26,2020,277011,334
NP26,2021,347467,593
NP26,2022,351795,506
NP26,2023,347430,310
NP26,2024,367465,392
NP4,2020,163399,532
NP4,2021,183441,796
NP4,2022,203009,724
NP4,2023,178625,532
NP4,2024,201913,558
NP44,2020,205983,675
NP44,2021,238615,929
NP44,2022,262562,809
NP44,2023,245181,696
NP44,2024,294998,683
NP7,2020,305068,423
NP7,2021,312865,603
NP7,2022,381586,479
NP7,2023,326132,404
NP7,2024,374151,411
NP8,2020,326472,72
NP8,2021,400675,107
NP8,2022,584333,82
NP8,2023,425661,53
NP8,2024,447695,63
NP9,2022,68450,1
NR1,2020,249170,495
NR1,2021,269068,702
NR1,2022,271057,699
NR1,2023,251047,532
NR1,2024,258870,541
NR10,2020,297221,388
NR10,2021,315030,509
NR10,2022,351551,409
NR10,2023,375339,322
NR10,2024,327352,372
NR11,2020,303110,318
NR11,2021,350517,486
NR11,2022,379523,337
NR11,2023,350770,293
NR11,2024,374842,316
NR12,2020,326183,480
NR12,2021,342581,646
NR12,2022,366939,523
NR12,2023,350041,373
NR12,2024,332307,385
NR13,2020,338843,555
NR13,2021,389364,692
NR13,2022,402357,811
NR13,2023,367172,686
NR13,2024,362101,788
NR14,2020,346387,530
NR14,2021,374525,697
NR14,2022,417916,544
NR14,2023,381902,408
NR14,2024,369946,428
NR15,2020,315073,204
NR15,2021,368738,353
NR15,2022,375262,285
NR15,2023,413707,226
NR15,2024,411682,212
NR16,2020,356155,239
NR16,2021,431266,334
NR16,2022,410177,197
NR16,2023,414813,202
NR16,2024,385005,212
NR17,2020,301439,362
NR17,2021,332337,583
NR17,2022,344458,421
NR17,2023,401867,352
NR17,2024,359681,374
NR18,2020,292599,468
NR18,2021,313008,713
NR18,2022,344145,616
NR18,2023,324334,421
NR18,2024,362997,460
NR19,2020,231079,314
NR19,2021,259154,536
NR19,2022,285124,421
NR19,2023,266236,341
NR19,2024,337794,372
NR2,2020,286557,390
NR2,2021,333274,597
NR2,2022,330239,623
NR2,2023,354391,398
NR2,2024,315717,474
NR20,2020,333721,358
NR20,2021,378254,474
NR20,2022,390398,419
NR20,2023,410447,328
NR20,2024,348053,398
NR21,2020,293334,316
NR21,2021,322142,477
NR21,2022,329701,312
NR21,2023,341729,255
NR21,2024,344464,272
NR22,2020,415959,22
NR22,2021,397002,23
NR22,2022,481672,16
NR22,2023,416500,13
NR22,2024,1746692,17
NR23,2020,556079,63
NR23,2021,475825,91
NR23,2022,546597,50
NR23,2023,631450,55
NR23,2024,619500,50
NR24,2020,314554,101
NR24,2021,368440,112
NR24,2022,454806,85
NR24,2023,395281,64
NR24,2024,434834,64
NR25,2020,431710,294
NR25,2021,493388,397
NR25,2022,649084,269
NR25,2023,599248,170
NR25,2024,524004,234
NR26,2020,310904,198
NR26,2021,347136,266
NR26,2022,338376,199
NR26,2023,373507,186
NR26,2024,361854,210
NR27,2020,289256,266
NR27,2021,320156,397
NR27,2022,325428,326
NR27,2023,339290,268
NR27,2024,307431,247
NR28,2020,286568,319
NR28,2021,291102,427
NR28,2022,305701,294
NR28,2023,338569,291
NR28,2024,293968,321
NR29,2020,205043,662
NR29,2021,240666,847
NR29,2022,247764,617
NR29,2023,261885,425
NR29,2024,227724,479
NR3,2020,212236,495
NR3,2021,272113,738
NR3,2022,249542,677
NR3,2023,228755,531
NR3,2024,230659,601
NR30,2020,154061,509
NR30,2021,180412,707
NR30,2022,202921,621
NR30,2023,205207,484
NR30,2024,200714,526
NR31,2020,201842,946
NR31,2021,226011,1255
NR31,2022,297277,1071
NR31,2023,251421,681
NR31,2024,232275,855
NR32,2020,214366,712
NR32,2021,245652,1005
NR32,2022,244732,849
NR32,2023,250403,627
NR32,2024,231077,605
NR33,2020,206613,622
NR33,2021,261933,901
NR33,2022,253976,759
NR33,2023,257929,582
NR33,2024,248095,621
NR34,2020,322122,339
NR34,2021,339310,540
NR34,2022,347071,407
NR34,2023,315104,355
NR34,2024,313513,386
NR35,2020,278048,177
NR35,2021,292962,286
NR35,2022,330018,166
NR35,2023,344928,228
NR35,2024,309615,167
NR4,2020,343652,297
NR4,2021,373336,490
NR4,2022,406833,481
NR4,2023,378898,398
NR4,2024,387701,410
NR5,2020,294332,339
NR5,2021,257802,565
NR5,2022,290932,406
NR5,2023,290185,309
NR5,2024,274367,355
NR6,2020,246530,432
NR6,2021,272112,669
NR6,2022,341661,525
NR6,2023,287783,433
NR6,2024,289316,474
NR7,2020,273586,657
NR7,2021,276227,844
NR7,2022,339174,698
NR7,2023,290085,519
NR7,2024,286339,560
NR8,2020,287470,391
NR8,2021,297221,615
NR8,2022,323839,483
NR8,2023,321010,416
NR8,2024,316615,380
NR9,2020,335694,390
NR9,2021,334951,584
NR9,2022,357840,443
NR9,2023,380971,378
NR9,2024,356286,399
NW1,2020,1441835,501
NW1,2021,1952157,615
NW1,2022,1595043,721
NW1,2023,1580612,581
NW1,2024,1595913,589
NW10,2020,757878,769
NW10,2021,939015,1203
NW10,2022,1104761,1053
NW10,2023,768240,607
NW10,2024,816517,760
NW11,2020,1053254,297
NW11,2021,1153092,451
NW11,2022,1346448,385
NW11,2023,1195798,345
NW11,2024,1148872,382
NW2,2020,875788,475
NW2,2021,847428,742
NW2,2022,796594,692
NW2,2023,725060,551
NW2,2024,694372,714
NW3,2020,1603298,641
NW3,2021,1559785,927
NW3,2022,1814547,774
NW3,2023,1613707,681
NW3,2024,1695954,809
NW4,2020,615728,292
NW4,2021,779295,431
NW4,2022,746084,381
NW4,2023,698827,308
NW4,2024,672926,321
NW5,2020,856338,271
NW5,2021,944418,387
NW5,2022,935101,362
NW5,2023,1004244,302
NW5,2024,902493,312
NW6,2020,849559,743
NW6,2021,980286,1026
NW6,2022,905650,949
NW6,2023,936794,692
NW6,2024,916167,1053
NW7,2020,742275,496
NW7,2021,662054,837
NW7,2022,704105,739
NW7,2023,779167,371
NW7,2024,889058,428
NW8,2020,1834210,348
NW8,2021,1826730,460
NW8,2022,1974979,587
NW8,2023,1942589,411
NW8,2024,1757958,437
NW9,2020,447295,962
NW9,2021,463327,1293
NW9,2022,593415,857
NW9,2023,564191,745
NW9,2024,505579,798
OL1,2020,169965,269
OL1,2021,203371,309
OL1,2022,194770,292
OL1,2023,194488,231
OL1,2024,182127,242
OL10,2020,177299,412
OL10,2021,195584,582
OL10,2022,204797,519
OL10,2023,273223,459
OL10,2024,213399,483
OL11,2020,167797,576
OL11,2021,190575,818
OL11,2022,218617,729
OL11,2023,217153,551
OL11,2024,228251,580
OL12,2020,164256,636
OL12,2021,176269,810
OL12,2022,187271,723
OL12,2023,198462,623
OL12,2024,211386,685
OL13,2020,131708,309
OL13,2021,177652,413
OL13,2022,172706,368
OL13,2023,155376,253
OL13,2024,242212,296
OL14,2020,182994,298
OL14,2021,203471,380
OL14,2022,214059,364
OL14,2023,208404,293
OL14,2024,229693,311
OL15,2020,189355,263
OL15,2021,232158,395
OL15,2022,219086,328
OL15,2023,228473,245
OL15,2024,260953,282
OL16,2020,158198,490
OL16,2021,612487,631
OL16,2022,193638,533
OL16,2023,243904,438
OL16,2024,239690,474
OL2,2020,176781,628
OL2,2021,216687,858
OL2,2022,201431,779
OL2,2023,401097,629
OL2,2024,223950,763
OL3,2020,278958,284
OL3,2021,325168,407
OL3,2022,344344,341
OL3,2023,341088,206
OL3,2024,391958,268
OL4,2020,171058,626
OL4,2021,191120,813
OL4,2022,197022,692
OL4,2023,194483,533
OL4,2024,214489,560
OL5,2020,190503,240
OL5,2021,194014,338
OL5,2022,206954,220
OL5,2023,209734,173
OL5,2024,220038,212
OL6,2020,154767,334
OL6,2021,176534,524
OL6,2022,207840,521
OL6,2023,213133,428
OL6,2024,215180,463
OL7,2020,152342,189
OL7,2021,156122,315
OL7,2022,181648,243
OL7,2023,179086,207
OL7,2024,204882,228
OL8,2020,117747,392
OL8,2021,143550,516
OL8,2022,161493,457
OL8,2023,148694,327
OL8,2024,165542,357
OL9,2020,165243,548
OL9,2021,241123,753
OL9,2022,197404,590
OL9,2023,196270,465
OL9,2024,222893,526
OX1,2020,686064,196
OX1,2021,691419,269
OX1,2022,1128306,236
OX1,2023,780521,184
OX1,2024,873243,205
OX10,2020,532121,465
OX10,2021,545707,763
OX10,2022,564253,588
OX10,2023,548510,524
OX10,2024,509754,491
OX11,2020,357738,858
OX11,2021,444610,1165
OX11,2022,553718,1049
OX11,2023,422723,813
OX11,2024,399328,916
OX12,2020,401967,692
OX12,2021,382119,908
OX12,2022,435490,901
OX12,2023,428780,606
OX12,2024,413476,658
OX13,2020,566874,323
OX13,2021,590576,417
OX13,2022,648308,294
OX13,2023,558025,273
OX13,2024,599423,231
OX14,2020,461571,669
OX14,2021,654995,923
OX14,2022,433876,858
OX14,2023,529880,759
OX14,2024,461082,863
OX15,2020,468289,374
OX15,2021,567757,553
OX15,2022,572374,373
OX15,2023,530595,242
OX15,2024,523640,301
OX16,2020,377293,890
OX16,2021,293818,1290
OX16,2022,342136,1195
OX16,2023,399293,795
OX16,2024,413395,888
OX17,2020,526568,252
OX17,2021,541717,399
OX17,2022,688243,267
OX17,2023,497197,241
OX17,2024,783772,304
OX18,2020,493152,496
OX18,2021,480229,756
OX18,2022,496535,530
OX18,2023,492455,532
OX18,2024,532737,523
OX2,2020,990054,506
OX2,2021,883749,755
OX2,2022,1004117,624
OX2,2023,862889,447
OX2,2024,828009,552
OX20,2020,627074,115
OX20,2021,810893,155
OX20,2022,586540,116
OX20,2023,630549,132
OX20,2024,736587,92
OX25,2020,452536,279
OX25,2021,433077,458
OX25,2022,525474,305
OX25,2023,2154726,377
OX25,2024,491269,290
OX26,2020,382022,621
OX26,2021,408034,1101
OX26,2022,422721,843
OX26,2023,483033,625
OX26,2024,395617,580
OX27,2020,536943,127
OX27,2021,441635,210
OX27,2022,563796,152
OX27,2023,485983,125
OX27,2024,542551,139
OX28,2020,322624,390
OX28,2021,338832,667
OX28,2022,374233,516
OX28,2023,384265,493
OX28,2024,362642,434
OX29,2020,441675,672
OX29,2021,546128,884
OX29,2022,541237,578
OX29,2023,540591,443
OX29,2024,554654,375
OX3,2020,781189,401
OX3,2021,503206,599
OX3,2022,527404,504
OX3,2023,647457,420
OX3,2024,592775,546
OX33,2020,505958,103
OX33,2021,548028,155
OX33,2022,578850,112
OX33,2023,1728158,87
OX33,2024,523890,100
OX39,2020,476397,181
OX39,2021,525411,196
OX39,2022,632545,163
OX39,2023,522959,161
OX39,2024,500212,147
OX4,2020,586127,477
OX4,2021,1023032,854
OX4,2022,808117,679
OX4,2023,756715,525
OX4,2024,548168,596
OX44,2020,805742,134
OX44,2021,651814,223
OX44,2022,612939,147
OX44,2023,686841,82
OX44,2024,531090,116
OX49,2020,892036,69
OX49,2021,584264,105
OX49,2022,560147,130
OX49,2023,623122,94
OX49,2024,556683,95
OX5,2020,504190,315
OX5,2021,596482,549
OX5,2022,503557,380
OX5,2023,551919,290
OX5,2024,430069,311
OX7,2020,560125,471
OX7,2021,647253,678
OX7,2022,686268,450
OX7,2023,633142,382
OX7,2024,762328,422
OX9,2020,502939,272
OX9,2021,555100,402
OX9,2022,526302,359
OX9,2023,475960,228
OX9,2024,518806,288
PE1,2020,383459,499
PE1,2021,239564,734
PE1,2022,302594,858
PE1,2023,280186,532
PE1,2024,259835,503
PE10,2020,256461,472
PE10,2021,269067,733
PE10,2022,278637,697
PE10,2023,282010,592
PE10,2024,277993,589
PE11,2020,216878,823
PE11,2021,230857,1256
PE11,2022,252721,993
PE11,2023,243466,746
PE11,2024,252762,823
PE12,2020,218849,817
PE12,2021,258589,1167
PE12,2022,272190,980
PE12,2023,274184,745
PE12,2024,266346,860
PE13,2020,220696,545
PE13,2021,236587,878
PE13,2022,248395,704
PE13,2023,252491,588
PE13,2024,238844,574
PE14,2020,271632,382
PE14,2021,370698,559
PE14,2022,339173,476
PE14,2023,329732,299
PE14,2024,294060,351
PE15,2020,251206,608
PE15,2021,269810,917
PE15,2022,267728,683
PE15,2023,293120,485
PE15,2024,264081,534
PE16,2020,201663,189
PE16,2021,234541,332
PE16,2022,380583,279
PE16,2023,277114,217
PE16,2024,259541,217
PE17,2020,45000,2
PE17,2021,150000,1
PE19,2020,320575,781
PE19,2021,354445,1354
PE19,2022,390129,1099
PE19,2023,368546,907
PE19,2024,359503,1044
PE2,2020,215002,907
PE2,2021,329343,1314
PE2,2022,366115,987
PE2,2023,319576,693
PE2,2024,303630,801
PE20,2020,204556,293
PE20,2021,274162,455
PE20,2022,322376,328
PE20,2023,257749,272
PE20,2024,253334,321
PE21,2020,164779,616
PE21,2021,201164,1031
PE21,2022,205275,857
PE21,2023,200997,733
PE21,2024,191001,712
PE22,2020,225937,234
PE22,2021,233309,404
PE22,2022,293781,288
PE22,2023,264888,262
PE22,2024,279721,286
PE23,2020,898078,164
PE23,2021,261398,261
PE23,2022,282219,173
PE23,2023,290499,132
PE23,2024,308183,150
PE24,2020,168190,239
PE24,2021,209968,376
PE24,2022,212740,290
PE24,2023,195437,215
PE24,2024,192534,218
PE25,2020,183771,285
PE25,2021,206377,497
PE25,2022,489800,401
PE25,2023,239173,298
PE25,2024,225877,416
PE26,2020,267829,204
PE26,2021,292810,354
PE26,2022,296805,295
PE26,2023,319435,202
PE26,2024,308750,238
PE27,2020,300006,307
PE27,2021,324906,518
PE27,2022,399633,386
PE27,2023,360801,315
PE27,2024,386637,341
PE28,2020,412262,1025
PE28,2021,410437,1379
PE28,2022,433872,1125
PE28,2023,403763,787
PE28,2024,409221,877
PE29,2020,304567,539
PE29,2021,347386,750
PE29,2022,532963,614
PE29,2023,339387,500
PE29,2024,343770,503
PE3,2020,278778,343
PE3,2021,326293,444
PE3,2022,263522,443
PE3,2023,285468,364
PE3,2024,297744,329
PE30,2020,317971,679
PE30,2021,215867,857
PE30,2022,237063,743
PE30,2023,262918,592
PE30,2024,245628,719
PE31,2020,440693,497
PE31,2021,442284,721
PE31,2022,478259,443
PE31,2023,484744,384
PE31,2024,469382,397
PE32,2020,333687,264
PE32,2021,343716,351
PE32,2022,364825,286
PE32,2023,389795,201
PE32,2024,386744,230
PE33,2020,270855,258
PE33,2021,260334,471
PE33,2022,330948,270
PE33,2023,313003,196
PE33,2024,355362,198
PE34,2020,257838,227
PE34,2021,282354,348
PE34,2022,323301,248
PE34,2023,303333,178
PE34,2024,279991,201
PE36,2020,358969,211
PE36,2021,361882,317
PE36,2022,415204,259
PE36,2023,436003,182
PE36,2024,428413,191
PE37,2020,233891,199
PE37,2021,272453,371
PE37,2022,287010,340
PE37,2023,390570,303
PE37,2024,292887,301
PE38,2020,244910,300
PE38,2021,265088,435
PE38,2022,281333,354
PE38,2023,269740,303
PE38,2024,351356,312
PE4,2020,199504,450
PE4,2021,211523,566
PE4,2022,259873,475
PE4,2023,235186,439
PE4,2024,249573,454
PE5,2020,377580,25
PE5,2021,818700,23
PE5,2022,1305400,15
PE5,2023,651618,16
PE5,2024,457083,24
PE6,2020,266600,703
PE6,2021,293588,1123
PE6,2022,308762,825
PE6,2023,325645,593
PE6,2024,340397,661
PE7,2020,305129,1131
PE7,2021,264205,1608
PE7,2022,327380,1429
PE7,2023,308678,1134
PE7,2024,344476,1337
PE8,2020,387708,263
PE8,2021,441627,432
PE8,2022,421410,329
PE8,2023,462045,277
PE8,2024,450693,304
PE9,2020,386672,531
PE9,2021,406821,837
PE9,2022,432802,642
PE9,2023,455346,477
PE9,2024,442358,578
PL1,2020,246338,464
PL1,2021,235883,742
PL1,2022,247844,701
PL1,2023,212710,510
PL1,2024,243403,488
PL10,2020,297932,65
PL10,2021,348141,114
PL10,2022,387364,67
PL10,2023,609759,62
PL10,2024,408882,59
PL11,2020,251714,190
PL11,2021,324560,227
PL11,2022,302296,203
PL11,2023,334833,156
PL11,2024,292565,214
PL12,2020,296148,352
PL12,2021,284592,422
PL12,2022,304242,399
PL12,2023,315896,361
PL12,2024,307197,377
PL13,2020,307268,236
PL13,2021,369855,347
PL13,2022,429509,259
PL13,2023,341650,239
PL13,2024,329097,163
PL14,2020,241550,477
PL14,2021,281553,640
PL14,2022,295636,588
PL14,2023,279654,416
PL14,2024,318809,406
PL15,2020,252790,432
PL15,2021,294832,648
PL15,2022,318691,465
PL15,2023,326649,291
PL15,2024,284845,320
PL16,2020,367803,41
PL16,2021,410453,54
PL16,2022,375589,57
PL16,2023,408819,35
PL16,2024,428027,26
PL17,2020,257084,188
PL17,2021,294422,296
PL17,2022,307140,216
PL17,2023,320566,186
PL17,2024,287050,184
PL18,2020,290413,149
PL18,2021,330072,163
PL18,2022,326524,119
PL18,2023,309608,77
PL18,2024,303418,83
PL19,2020,304869,362
PL19,2021,354499,494
PL19,2022,354256,433
PL19,2023,363735,284
PL19,2024,328734,326
PL2,2020,164926,522
PL2,2021,172651,651
PL2,2022,197090,608
PL2,2023,190990,471
PL2,2024,193324,554
PL20,2020,335706,164
PL20,2021,390595,220
PL20,2022,361983,164
PL20,2023,385037,176
PL20,2024,357906,169
PL21,2020,297996,421
PL21,2021,312522,475
PL21,2022,355499,360
PL21,2023,368128,353
PL21,2024,356206,413
PL22,2020,311904,71
PL22,2021,345848,100
PL22,2022,435774,68
PL22,2023,422480,51
PL22,2024,371696,57
PL23,2020,506810,127
PL23,2021,553760,168
PL23,2022,621088,101
PL23,2023,556285,66
PL23,2024,516916,76
PL24,2020,217387,130
PL24,2021,243541,243
PL24,2022,282163,154
PL24,2023,283979,112
PL24,2024,255101,160
PL25,2020,255979,490
PL25,2021,319644,662
PL25,2022,311131,611
PL25,2023,288940,453
PL25,2024,295697,457
PL26,2020,254906,419
PL26,2021,318612,658
PL26,2022,315382,522
PL26,2023,341126,448
PL26,2024,305066,441
PL27,2020,539167,289
PL27,2021,514831,476
PL27,2022,607712,380
PL27,2023,605398,255
PL27,2024,553471,250
PL28,2020,587386,139
PL28,2021,552316,188
PL28,2022,673756,106
PL28,2023,759374,129
PL28,2024,662367,94
PL29,2020,441088,29
PL29,2021,640783,56
PL29,2022,705180,20
PL29,2023,742292,20
PL29,2024,525507,28
PL3,2020,226787,495
PL3,2021,253762,694
PL3,2022,254514,561
PL3,2023,299930,479
PL3,2024,271864,515
PL30,2020,378240,190
PL30,2021,407368,273
PL30,2022,439997,164
PL30,2023,430026,161
PL30,2024,488401,166
PL31,2020,204028,317
PL31,2021,230725,419
PL31,2022,269377,300
PL31,2023,255750,206
PL31,2024,357232,264
PL32,2020,259283,92
PL32,2021,304459,149
PL32,2022,315809,95
PL32,2023,277377,57
PL32,2024,336693,76
PL33,2020,232866,34
PL33,2021,262558,43
PL33,2022,241238,41
PL33,2023,309829,31
PL33,2024,273500,26
PL34,2020,410309,34
PL34,2021,405008,70
PL34,2022,389816,37
PL34,2023,351952,36
PL34,2024,390942,42
PL35,2020,286996,27
PL35,2021,414129,51
PL35,2022,512011,37
PL35,2023,1322781,16
PL35,2024,386083,24
PL4,2020,179659,486
PL4,2021,188594,763
PL4,2022,203984,754
PL4,2023,197436,583
PL4,2024,217848,615
PL5,2020,177628,501
PL5,2021,174684,646
PL5,2022,203803,632
PL5,2023,201809,556
PL5,2024,204777,558
PL6,2020,249112,604
PL6,2021,253337,750
PL6,2022,327551,715
PL6,2023,329956,548
PL6,2024,294558,592
PL7,2020,246697,491
PL7,2021,253769,615
PL7,2022,293031,561
PL7,2023,312007,446
PL7,2024,287935,551
PL8,2020,521493,123
PL8,2021,561447,163
PL8,2022,491610,124
PL8,2023,672337,86
PL8,2024,582155,97
PL9,2020,277596,679
PL9,2021,292239,772
PL9,2022,306497,700
PL9,2023,342154,654
PL9,2024,338715,698
PO1,2020,573523,320
PO1,2021,265196,504
PO1,2022,278533,379
PO1,2023,308920,246
PO1,2024,425178,327
PO10,2020,418765,382
PO10,2021,463145,526
PO10,2022,505259,364
PO10,2023,491375,248
PO10,2024,478024,322
PO11,2020,368503,322
PO11,2021,389448,490
PO11,2022,411660,352
PO11,2023,370921,313
PO11,2024,369164,289
PO12,2020,242339,770
PO12,2021,243781,1116
PO12,2022,265686,940
PO12,2023,280649,719
PO12,2024,255976,786
PO13,2020,279248,531
PO13,2021,279519,734
PO13,2022,334498,481
PO13,2023,299454,433
PO13,2024,296718,502
PO14,2020,339844,455
PO14,2021,365819,700
PO14,2022,404646,546
PO14,2023,488164,435
PO14,2024,455497,538
PO15,2020,387810,373
PO15,2021,456345,683
PO15,2022,413928,586
PO15,2023,396094,405
PO15,2024,497549,455
PO16,2020,332702,531
PO16,2021,315084,805
PO16,2022,337356,581
PO16,2023,333713,486
PO16,2024,337550,559
PO17,2020,472857,95
PO17,2021,472882,144
PO17,2022,380924,171
PO17,2023,475919,122
PO17,2024,488734,121
PO18,2020,534371,283
PO18,2021,588035,403
PO18,2022,648970,269
PO18,2023,803218,188
PO18,2024,669182,194
PO19,2020,431916,582
PO19,2021,436843,945
PO19,2022,444406,819
PO19,2023,453351,621
PO19,2024,473087,647
PO2,2020,211478,598
PO2,2021,216947,822
PO2,2022,261166,736
PO2,2023,239645,537
PO2,2024,238896,609
PO20,2020,487617,730
PO20,2021,484950,1082
PO20,2022,498920,938
PO20,2023,452797,719
PO20,2024,475866,769
PO21,2020,299017,696
PO21,2021,323284,1098
PO21,2022,453108,927
PO21,2023,337033,711
PO21,2024,322050,737
PO22,2020,351146,538
PO22,2021,388063,746
PO22,2022,397345,648
PO22,2023,595307,485
PO22,2024,389132,494
PO3,2020,405832,336
PO3,2021,321559,434
PO3,2022,298966,416
PO3,2023,279645,254
PO3,2024,335405,326
PO30,2020,247782,561
PO30,2021,274966,808
PO30,2022,267509,705
PO30,2023,261135,532
PO30,2024,311298,516
PO31,2020,295042,389
PO31,2021,307946,388
PO31,2022,333523,355
PO31,2023,418014,288
PO31,2024,346130,258
PO32,2020,219762,197
PO32,2021,224208,222
PO32,2022,251679,188
PO32,2023,384663,148
PO32,2024,231373,153
PO33,2020,251403,586
PO33,2021,268984,911
PO33,2022,288904,644
PO33,2023,260860,518
PO33,2024,288102,556
PO34,2020,396187,89
PO34,2021,453229,98
PO34,2022,533404,68
PO34,2023,503207,46
PO34,2024,462021,46
PO35,2020,439078,104
PO35,2021,487399,132
PO35,2022,425222,88
PO35,2023,554141,68
PO35,2024,522511,64
PO36,2020,224530,305
PO36,2021,269462,431
PO36,2022,286315,349
PO36,2023,279962,246
PO36,2024,272735,324
PO37,2020,267393,223
PO37,2021,304361,276
PO37,2022,286671,245
PO37,2023,277705,162
PO37,2024,305079,197
PO38,2020,297481,301
PO38,2021,346668,388
PO38,2022,349668,302
PO38,2023,358561,225
PO38,2024,541917,196
PO39,2020,307152,86
PO39,2021,345207,92
PO39,2022,359123,71
PO39,2023,380750,57
PO39,2024,323739,62
PO4,2020,262469,708
PO4,2021,268246,988
PO4,2022,284937,865
PO4,2023,288929,647
PO4,2024,332288,720
PO40,2020,253066,153
PO40,2021,301898,186
PO40,2022,347285,143
PO40,2023,325005,113
PO40,2024,293664,110
PO41,2020,450295,67
PO41,2021,363261,72
PO41,2022,558784,60
PO41,2023,375469,48
PO41,2024,492843,35
PO5,2020,249955,428
PO5,2021,273706,626
PO5,2022,289587,514
PO5,2023,287164,371
PO5,2024,348121,394
PO6,2020,305011,478
PO6,2021,309659,821
PO6,2022,358631,579
PO6,2023,338689,414
PO6,2024,355675,494
PO7,2020,326371,719
PO7,2021,384664,1028
PO7,2022,389172,781
PO7,2023,360833,557
PO7,2024,363828,713
PO8,2020,359298,502
PO8,2021,367065,803
PO8,2022,402014,628
PO8,2023,384640,423
PO8,2024,449404,529
PO9,2020,339850,628
PO9,2021,349351,981
PO9,2022,406292,822
PO9,2023,373617,700
PO9,2024,355446,674
PR1,2020,159420,1045
PR1,2021,267041,1218
PR1,2022,173271,1323
PR1,2023,222267,1211
PR1,2024,191530,1130
PR2,2020,205316,1166
PR2,2021,225817,1666
PR2,2022,217303,1516
PR2,2023,233002,1258
PR2,2024,214621,1349
PR25,2020,186185,678
PR25,2021,206124,1022
PR25,2022,228421,835
PR25,2023,264840,616
PR25,2024,235792,631
PR26,2020,299714,229
PR26,2021,278147,316
PR26,2022,262407,383
PR26,2023,295670,365
PR26,2024,264414,354
PR3,2020,283677,943
PR3,2021,298583,1531
PR3,2022,328306,1290
PR3,2023,309936,1074
PR3,2024,312952,1052
PR4,2020,274422,1498
PR4,2021,279014,1949
PR4,2022,282379,1873
PR4,2023,287718,1442
PR4,2024,301443,1451
PR5,2020,268856,690
PR5,2021,200938,960
PR5,2022,221454,910
PR5,2023,297617,672
PR5,2024,234707,738
PR6,2020,218240,669
PR6,2021,232273,768
PR6,2022,239629,678
PR6,2023,289093,527
PR6,2024,249259,567
PR7,2020,202743,1193
PR7,2021,222000,1531
PR7,2022,239168,1276
PR7,2023,261205,1056
PR7,2024,241550,1211
PR8,2020,268497,1023
PR8,2021,251943,1375
PR8,2022,263753,1205
PR8,2023,277144,1056
PR8,2024,260731,1011
PR9,2020,192744,788
PR9,2021,214648,1130
PR9,2022,221620,1062
PR9,2023,242063,858
PR9,2024,249844,861
RG1,2020,438734,626
RG1,2021,519632,895
RG1,2022,583042,1076
RG1,2023,414873,838
RG1,2024,410959,785
RG10,2020,741674,252
RG10,2021,693608,419
RG10,2022,715188,322
RG10,2023,675223,246
RG10,2024,677728,326
RG11,2022,185000,1
RG12,2020,416071,1064
RG12,2021,480702,1274
RG12,2022,465440,940
RG12,2023,500211,832
RG12,2024,533490,922
RG13,2022,5000,1
RG14,2020,384777,665
RG14,2021,409207,1035
RG14,2022,422817,1012
RG14,2023,420789,707
RG14,2024,477471,875
RG17,2020,525863,181
RG17,2021,461471,416
RG17,2022,523780,324
RG17,2023,580757,253
RG17,2024,562495,224
RG18,2020,420294,258
RG18,2021,442798,332
RG18,2022,530906,278
RG18,2023,491648,213
RG18,2024,519602,227
RG19,2020,386765,232
RG19,2021,471617,395
RG19,2022,404592,355
RG19,2023,409545,264
RG19,2024,396546,304
RG2,2020,433758,740
RG2,2021,437928,1090
RG2,2022,496796,1080
RG2,2023,432529,779
RG2,2024,522182,901
RG20,2020,608301,232
RG20,2021,608282,367
RG20,2022,716840,263
RG20,2023,792859,200
RG20,2024,748571,248
RG21,2020,362597,447
RG21,2021,347966,614
RG21,2022,348773,510
RG21,2023,402008,431
RG21,2024,354790,471
RG22,2020,388056,541
RG22,2021,346699,767
RG22,2022,362042,608
RG22,2023,394118,498
RG22,2024,369742,545
RG23,2020,388257,210
RG23,2021,385740,402
RG23,2022,534600,312
RG23,2023,442024,261
RG23,2024,461113,321
RG24,2020,343104,773
RG24,2021,380411,979
RG24,2022,471005,658
RG24,2023,398678,592
RG24,2024,380588,598
RG25,2020,705379,123
RG25,2021,612129,189
RG25,2022,770031,127
RG25,2023,685603,110
RG25,2024,844853,134
RG26,2020,465407,406
RG26,2021,502540,541
RG26,2022,476008,377
RG26,2023,452377,268
RG26,2024,455043,387
RG27,2020,539543,464
RG27,2021,542613,689
RG27,2022,596879,566
RG27,2023,594759,408
RG27,2024,534487,436
RG28,2020,403533,116
RG28,2021,428070,158
RG28,2022,430195,133
RG28,2023,433645,103
RG28,2024,410285,84
RG29,2020,608881,73
RG29,2021,654798,150
RG29,2022,676393,122
RG29,2023,812646,72
RG29,2024,662224,89
RG3,2023,243750,1
RG30,2020,409123,524
RG30,2021,316529,993
RG30,2022,345886,776
RG30,2023,432028,620
RG30,2024,463910,638
RG31,2020,420066,386
RG31,2021,385552,575
RG31,2022,433828,493
RG31,2023,450357,404
RG31,2024,420150,411
RG4,2020,507097,531
RG4,2021,535538,867
RG4,2022,639247,684
RG4,2023,598116,605
RG4,2024,554282,602
RG40,2020,558569,558
RG40,2021,527353,892
RG40,2022,605332,761
RG40,2023,558746,669
RG40,2024,555968,705
RG41,2020,428699,570
RG41,2021,544534,800
RG41,2022,569391,573
RG41,2023,557745,459
RG41,2024,534210,459
RG42,2020,515629,639
RG42,2021,517959,889
RG42,2022,584213,656
RG42,2023,554332,581
RG42,2024,528870,573
RG45,2020,469594,302
RG45,2021,525329,395
RG45,2022,569848,348
RG45,2023,601633,341
RG45,2024,526543,253
RG5,2020,407202,385
RG5,2021,418375,574
RG5,2022,449466,417
RG5,2023,443793,310
RG5,2024,461812,370
RG6,2020,488726,366
RG6,2021,420162,676
RG6,2022,560824,511
RG6,2023,470657,414
RG6,2024,458720,428
RG7,2020,501484,639
RG7,2021,539553,884
RG7,2022,551080,722
RG7,2023,801100,428
RG7,2024,647189,517
RG8,2020,752129,300
RG8,2021,727151,449
RG8,2022,920740,286
RG8,2023,782009,271
RG8,2024,744296,262
RG9,2020,886823,450
RG9,2021,939148,686
RG9,2022,987542,499
RG9,2023,1059764,363
RG9,2024,998217,399
RH1,2020,548503,743
RH1,2021,462429,1427
RH1,2022,480660,1130
RH1,2023,488348,718
RH1,2024,509196,695
RH10,2020,517367,980
RH10,2021,483319,1481
RH10,2022,610090,1323
RH10,2023,522923,1011
RH10,2024,501369,1110
RH11,2020,415360,534
RH11,2021,347132,961
RH11,2022,366089,805
RH11,2023,440442,592
RH11,2024,399184,667
RH12,2020,461464,1009
RH12,2021,450635,1453
RH12,2022,501184,1115
RH12,2023,477552,900
RH12,2024,513522,936
RH13,2020,558688,628
RH13,2021,534104,879
RH13,2022,598244,682
RH13,2023,542455,548
RH13,2024,538395,545
RH14,2020,506422,388
RH14,2021,670953,450
RH14,2022,622681,359
RH14,2023,577313,257
RH14,2024,523530,275
RH15,2020,443439,619
RH15,2021,412104,828
RH15,2022,465333,640
RH15,2023,435382,569
RH15,2024,437987,638
RH16,2020,424107,813
RH16,2021,460516,1057
RH16,2022,517936,875
RH16,2023,454901,695
RH16,2024,508943,680
RH17,2020,621186,384
RH17,2021,640038,515
RH17,2022,803959,353
RH17,2023,753889,260
RH17,2024,732400,281
RH18,2020,526668,69
RH18,2021,710009,102
RH18,2022,667773,68
RH18,2023,665013,62
RH18,2024,583355,55
RH19,2020,447164,536
RH19,2021,462159,869
RH19,2022,512466,803
RH19,2023,466297,616
RH19,2024,523174,605
RH2,2020,795672,427
RH2,2021,636236,650
RH2,2022,699962,596
RH2,2023,631705,400
RH2,2024,672005,491
RH20,2020,585154,491
RH20,2021,612465,719
RH20,2022,605728,442
RH20,2023,708700,382
RH20,2024,641310,441
RH3,2020,690746,69
RH3,2021,697185,72
RH3,2022,897057,55
RH3,2023,813405,74
RH3,2024,756168,52
RH4,2020,572075,277
RH4,2021,496388,442
RH4,2022,541057,382
RH4,2023,582185,264
RH4,2024,557315,260
RH5,2020,725818,222
RH5,2021,829060,348
RH5,2022,689288,280
RH5,2023,735205,197
RH5,2024,697270,208
RH6,2020,497964,580
RH6,2021,478158,936
RH6,2022,490450,813
RH6,2023,443028,545
RH6,2024,459661,641
RH7,2020,517162,122
RH7,2021,577551,194
RH7,2022,565256,116
RH7,2023,582517,114
RH7,2024,637583,122
RH8,2020,712719,230
RH8,2021,695624,371
RH8,2022,712824,282
RH8,2023,690414,247
RH8,2024,709236,247
RH9,2020,438636,78
RH9,2021,524963,121
RH9,2022,561775,124
RH9,2023,610642,55
RH9,2024,618741,57
RM1,2020,438581,328
RM1,2021,368768,661
RM1,2022,985436,468
RM1,2023,479936,382
RM1,2024,500594,387
RM10,2020,424072,338
RM10,2021,414410,471
RM10,2022,356907,340
RM10,2023,386676,326
RM10,2024,354371,361
RM11,2020,504370,455
RM11,2021,537543,727
RM11,2022,562133,518
RM11,2023,567130,415
RM11,2024,537138,473
RM12,2020,399147,510
RM12,2021,421254,848
RM12,2022,446968,519
RM12,2023,431480,473
RM12,2024,447413,548
RM13,2020,394411,433
RM13,2021,373764,826
RM13,2022,434503,650
RM13,2023,395454,464
RM13,2024,406449,523
RM14,2020,556466,431
RM14,2021,616594,640
RM14,2022,622263,457
RM14,2023,644869,343
RM14,2024,584599,425
RM15,2020,305793,412
RM15,2021,327654,543
RM15,2022,322032,473
RM15,2023,382129,332
RM15,2024,340623,375
RM16,2020,378195,595
RM16,2021,392993,843
RM16,2022,405380,584
RM16,2023,405601,417
RM16,2024,391144,515
RM17,2020,282334,377
RM17,2021,296154,581
RM17,2022,308582,451
RM17,2023,303902,317
RM17,2024,418609,364
RM18,2020,248093,244
RM18,2021,274895,235
RM18,2022,322109,217
RM18,2023,453580,185
RM18,2024,319158,193
RM19,2020,963936,95
RM19,2021,238376,141
RM19,2022,253514,131
RM19,2023,802964,96
RM19,2024,900735,95
RM2,2020,459828,213
RM2,2021,482843,337
RM2,2022,488674,304
RM2,2023,501890,206
RM2,2024,527667,230
RM20,2020,701794,219
RM20,2021,572515,252
RM20,2022,511035,233
RM20,2023,570107,129
RM20,2024,837808,91
RM3,2020,433302,538
RM3,2021,377774,765
RM3,2022,422835,593
RM3,2023,425771,533
RM3,2024,411125,564
RM4,2020,571331,59
RM4,2021,741619,104
RM4,2022,646519,80
RM4,2023,679123,62
RM4,2024,751583,65
RM5,2020,357187,227
RM5,2021,384235,408
RM5,2022,422934,264
RM5,2023,416565,209
RM5,2024,409684,250
RM6,2020,371149,286
RM6,2021,378580,482
RM6,2022,398268,410
RM6,2023,400187,270
RM6,2024,412918,344
RM7,2020,355160,508
RM7,2021,489922,649
RM7,2022,406717,500
RM7,2023,387034,362
RM7,2024,448740,405
RM8,2020,326553,361
RM8,2021,327819,488
RM8,2022,360553,405
RM8,2023,352378,333
RM8,2024,358225,344
RM9,2020,340438,273
RM9,2021,322169,430
RM9,2022,756845,344
RM9,2023,406215,314
RM9,2024,369613,293
S1,2020,384591,125
S1,2021,2497421,292
S1,2022,261093,306
S1,2023,268940,191
S1,2024,447679,322
S10,2020,328753,618
S10,2021,379672,877
S10,2022,382926,808
S10,2023,383919,677
S10,2024,380273,688
S11,2020,337519,577
S11,2021,402656,652
S11,2022,410611,550
S11,2023,427260,495
S11,2024,392885,508
S12,2020,157939,471
S12,2021,174611,615
S12,2022,180647,496
S12,2023,188972,448
S12,2024,193352,476
S13,2020,143878,416
S13,2021,165461,537
S13,2022,173989,477
S13,2023,174386,367
S13,2024,193271,415
S14,2020,102140,73
S14,2021,99405,80
S14,2022,114306,92
S14,2023,124242,87
S14,2024,121156,73
S17,2020,382041,255
S17,2021,444329,351
S17,2022,468886,262
S17,2023,463883,248
S17,2024,483990,312
S18,2020,295002,395
S18,2021,300384,424
S18,2022,329089,412
S18,2023,324563,327
S18,2024,333649,363
S2,2020,311717,525
S2,2021,161599,551
S2,2022,265780,718
S2,2023,261363,536
S2,2024,233507,582
S20,2020,198715,464
S20,2021,213338,605
S20,2022,223753,471
S20,2023,267445,419
S20,2024,221592,476
S21,2020,201477,305
S21,2021,223397,422
S21,2022,217748,314
S21,2023,232366,247
S21,2024,220763,293
S25,2020,216212,393
S25,2021,194853,465
S25,2022,225572,461
S25,2023,211588,430
S25,2024,212941,479
S26,2020,204870,436
S26,2021,228206,565
S26,2022,234911,448
S26,2023,236264,428
S26,2024,243970,571
S3,2020,130138,519
S3,2021,278323,369
S3,2022,198188,300
S3,2023,370519,242
S3,2024,296347,208
S30,2023,120000,1
S32,2020,476619,92
S32,2021,482596,99
S32,2022,479482,92
S32,2023,438585,115
S32,2024,542430,80
S33,2020,387074,72
S33,2021,402789,96
S33,2022,441357,92
S33,2023,451041,72
S33,2024,458087,85
S35,2020,266980,576
S35,2021,247088,791
S35,2022,256595,763
S35,2023,253763,654
S35,2024,269962,585
S36,2020,211187,448
S36,2021,274433,562
S36,2022,260605,615
S36,2023,252957,528
S36,2024,258422,666
S4,2020,113200,114
S4,2021,132876,146
S4,2022,428886,170
S4,2023,138547,125
S4,2024,1163702,126
S40,2020,216013,512
S40,2021,230388,740
S40,2022,229092,653
S40,2023,234914,571
S40,2024,230700,620
S41,2020,209038,651
S41,2021,227644,901
S41,2022,253019,841
S41,2023,228724,674
S41,2024,240629,623
S42,2020,228996,625
S42,2021,326696,821
S42,2022,277584,703
S42,2023,273735,608
S42,2024,260622,590
S43,2020,183702,691
S43,2021,236835,956
S43,2022,196843,726
S43,2023,201413,622
S43,2024,211477,787
S44,2020,176315,431
S44,2021,202869,617
S44,2022,218799,554
S44,2023,232425,550
S44,2024,233776,539
S45,2020,262707,225
S45,2021,240752,427
S45,2022,249429,377
S45,2023,235314,334
S45,2024,254270,318
S5,2020,116682,522
S5,2021,136257,721
S5,2022,141402,636
S5,2023,153109,568
S5,2024,152922,489
S6,2020,198055,1014
S6,2021,231463,1267
S6,2022,264814,1013
S6,2023,237796,909
S6,2024,233586,1009
S60,2020,198756,775
S60,2021,240322,1000
S60,2022,294771,933
S60,2023,260774,744
S60,2024,230767,786
S61,2020,136657,437
S61,2021,151797,634
S61,2022,165938,543
S61,2023,174949,442
S61,2024,183757,476
S62,2020,121982,250
S62,2021,133207,312
S62,2022,141502,293
S62,2023,142828,234
S62,2024,159381,269
S63,2020,136873,751
S63,2021,154996,979
S63,2022,163597,953
S63,2023,168264,776
S63,2024,159240,849
S64,2020,123937,560
S64,2021,150841,661
S64,2022,153809,598
S64,2023,166630,492
S64,2024,158574,457
S65,2020,144918,378
S65,2021,160430,510
S65,2022,157242,436
S65,2023,198617,391
S65,2024,205770,404
S66,2020,178901,672
S66,2021,234930,982
S66,2022,207650,849
S66,2023,207087,682
S66,2024,212586,693
S7,2020,316397,244
S7,2021,329130,420
S7,2022,341058,292
S7,2023,358040,241
S7,2024,336790,291
S70,2020,129102,639
S70,2021,143362,851
S70,2022,161428,826
S70,2023,176381,706
S70,2024,171179,754
S71,2020,151590,660
S71,2021,161903,875
S71,2022,170412,921
S71,2023,203541,676
S71,2024,230344,724
S72,2020,160443,400
S72,2021,169483,602
S72,2022,162069,531
S72,2023,174104,445
S72,2024,180105,463
S73,2020,134298,459
S73,2021,167839,644
S73,2022,228769,549
S73,2023,228514,481
S73,2024,221145,558
S74,2020,190196,231
S74,2021,184678,328
S74,2022,255544,275
S74,2023,192242,260
S74,2024,179142,243
S75,2020,196645,776
S75,2021,260133,1026
S75,2022,232478,878
S75,2023,230126,630
S75,2024,247234,717
S8,2020,209345,726
S8,2021,227983,865
S8,2022,266385,730
S8,2023,252123,713
S8,2024,258941,765
S80,2020,159750,538
S80,2021,176799,763
S80,2022,396800,731
S80,2023,185617,591
S80,2024,299041,577
S81,2020,201085,786
S81,2021,234373,940
S81,2022,254669,899
S81,2023,259745,775
S81,2024,252026,758
S9,2020,239098,265
S9,2021,356329,355
S9,2022,385142,365
S9,2023,249614,335
S9,2024,346014,334
SA1,2020,151069,603
SA1,2021,326166,885
SA1,2022,183224,800
SA1,2023,178434,746
SA1,2024,165418,764
SA10,2020,169181,413
SA10,2021,182051,557
SA10,2022,187395,455
SA10,2023,211954,400
SA10,2024,207430,425
SA11,2020,121315,494
SA11,2021,138388,655
SA11,2022,153022,594
SA11,2023,143692,549
SA11,2024,171062,618
SA12,2020,133190,370
SA12,2021,156437,548
SA12,2022,172974,589
SA12,2023,175283,459
SA12,2024,184566,516
SA13,2020,127406,271
SA13,2021,165979,375
SA13,2022,167139,327
SA13,2023,152309,276
SA13,2024,158411,279
SA14,2020,187621,559
SA14,2021,203995,690
SA14,2022,363395,599
SA14,2023,204179,476
SA14,2024,233899,554
SA15,2020,129944,585
SA15,2021,148027,740
SA15,2022,165300,682
SA15,2023,167127,537
SA15,2024,196778,544
SA16,2020,169219,128
SA16,2021,192048,157
SA16,2022,194996,136
SA16,2023,233917,130
SA16,2024,214326,156
SA17,2020,161696,197
SA17,2021,175937,262
SA17,2022,233482,183
SA17,2023,212487,185
SA17,2024,202719,159
SA18,2020,150815,457
SA18,2021,186171,695
SA18,2022,200286,514
SA18,2023,186081,370
SA18,2024,195257,386
SA19,2020,254775,138
SA19,2021,317551,207
SA19,2022,362527,166
SA19,2023,300587,142
SA19,2024,327668,129
SA2,2020,221162,498
SA2,2021,247333,728
SA2,2022,268932,576
SA2,2023,262712,483
SA2,2024,277023,560
SA20,2020,202511,48
SA20,2021,253100,70
SA20,2022,328526,72
SA20,2023,277708,47
SA20,2024,231761,35
SA3,2020,334116,459
SA3,2021,380796,713
SA3,2022,389186,528
SA3,2023,386643,401
SA3,2024,401846,436
SA31,2020,183203,294
SA31,2021,210587,416
SA31,2022,227014,309
SA31,2023,197086,255
SA31,2024,303398,261
SA32,2020,285122,94
SA32,2021,359295,150
SA32,2022,400053,125
SA32,2023,412520,71
SA32,2024,356201,88
SA33,2020,239702,171
SA33,2021,293948,315
SA33,2022,363286,234
SA33,2023,349148,131
SA33,2024,311334,142
SA34,2020,238393,68
SA34,2021,316778,88
SA34,2022,366429,67
SA34,2023,281112,99
SA34,2024,309981,56
SA35,2020,253000,12
SA35,2021,310292,12
SA35,2022,344529,17
SA35,2023,366875,8
SA35,2024,307525,10
SA36,2020,152800,5
SA36,2021,179944,9
SA36,2022,489000,5
SA36,2023,344917,6
SA36,2024,210438,8
SA37,2020,316934,16
SA37,2021,368744,29
SA37,2022,356587,30
SA37,2023,248182,22
SA37,2024,309812,16
SA38,2020,235658,78
SA38,2021,263989,99
SA38,2022,413222,92
SA38,2023,238660,73
SA38,2024,261478,68
SA39,2020,202677,37
SA39,2021,234157,47
SA39,2022,258408,49
SA39,2023,275438,24
SA39,2024,287500,27
SA4,2020,184167,675
SA4,2021,211997,975
SA4,2022,235231,761
SA4,2023,229664,754
SA4,2024,226724,770
SA40,2020,248112,30
SA40,2021,348240,66
SA40,2022,334788,45
SA40,2023,257889,31
SA40,2024,264782,44
SA41,2020,205573,33
SA41,2021,327365,57
SA41,2022,236430,22
SA41,2023,329950,20
SA41,2024,238872,20
SA42,2020,340818,47
SA42,2021,390607,68
SA42,2022,507783,48
SA42,2023,382532,31
SA42,2024,431112,53
SA43,2020,228542,237
SA43,2021,301382,295
SA43,2022,316191,255
SA43,2023,301073,192
SA43,2024,283033,201
SA44,2020,231146,193
SA44,2021,263294,272
SA44,2022,320269,203
SA44,2023,302170,174
SA44,2024,285596,163
SA45,2020,254266,28
SA45,2021,314187,59
SA45,2022,335159,33
SA45,2023,361479,26
SA45,2024,341270,35
SA46,2020,255947,47
SA46,2021,282126,80
SA46,2022,326033,49
SA46,2023,340088,34
SA46,2024,289337,36
SA47,2020,212337,19
SA47,2021,256767,26
SA47,2022,312140,21
SA47,2023,277227,11
SA47,2024,339454,13
SA48,2020,205818,140
SA48,2021,256189,191
SA48,2022,274300,119
SA48,2023,306774,97
SA48,2024,276704,131
SA5,2020,135211,353
SA5,2021,146676,501
SA5,2022,168990,524
SA5,2023,175806,412
SA5,2024,253276,415
SA6,2020,141109,411
SA6,2021,168882,621
SA6,2022,187499,633
SA6,2023,195766,475
SA6,2024,213353,454
SA61,2020,172737,187
SA61,2021,190668,382
SA61,2022,271077,316
SA61,2023,212864,264
SA61,2024,203035,220
SA62,2020,252885,337
SA62,2021,301314,488
SA62,2022,339521,379
SA62,2023,341293,307
SA62,2024,325368,278
SA63,2020,268750,20
SA63,2021,254206,16
SA63,2022,293400,10
SA63,2023,481857,14
SA63,2024,294425,14
SA64,2020,166998,48
SA64,2021,217176,56
SA64,2022,227972,54
SA64,2023,182011,38
SA64,2024,217386,30
SA65,2020,181033,65
SA65,2021,220848,104
SA65,2022,237538,100
SA65,2023,251529,68
SA65,2024,192535,53
SA66,2020,324133,33
SA66,2021,290440,58
SA66,2022,332182,47
SA66,2023,331654,39
SA66,2024,290223,37
SA67,2020,260317,180
SA67,2021,288724,193
SA67,2022,317773,130
SA67,2023,300201,126
SA67,2024,301893,120
SA68,2020,212114,61
SA68,2021,275236,97
SA68,2022,290486,77
SA68,2023,276208,75
SA68,2024,267643,91
SA69,2020,259401,87
SA69,2021,331378,117
SA69,2022,354994,83
SA69,2023,374709,87
SA69,2024,327408,81
SA7,2020,180521,204
SA7,2021,217338,231
SA7,2022,198186,247
SA7,2023,199444,176
SA7,2024,251534,224
SA70,2020,270302,183
SA70,2021,292368,243
SA70,2022,349769,234
SA70,2023,345985,176
SA70,2024,384735,193
SA71,2020,186195,160
SA71,2021,212690,257
SA71,2022,230030,199
SA71,2023,230292,163
SA71,2024,232738,169
SA72,2020,150145,127
SA72,2021,170704,230
SA72,2022,187168,199
SA72,2023,165474,200
SA72,2024,165063,120
SA73,2020,164353,313
SA73,2021,188165,489
SA73,2022,197569,382
SA73,2023,190066,341
SA73,2024,198253,313
SA8,2020,172597,216
SA8,2021,177124,223
SA8,2022,189990,180
SA8,2023,226228,167
SA8,2024,216009,177
SA9,2020,146602,196
SA9,2021,146216,276
SA9,2022,181566,233
SA9,2023,186704,214
SA9,2024,214804,266
SE1,2020,1557139,1229
SE1,2021,1368425,1255
SE1,2022,1175188,1030
SE1,2023,1089537,1005
SE1,2024,1162793,940
SE10,2020,974847,1132
SE10,2021,660904,899
SE10,2022,673341,961
SE10,2023,715763,673
SE10,2024,636147,789
SE11,2020,521362,172
SE11,2021,672013,245
SE11,2022,645664,234
SE11,2023,833311,378
SE11,2024,600522,306
SE12,2020,467154,321
SE12,2021,733425,472
SE12,2022,510358,392
SE12,2023,515662,278
SE12,2024,496901,318
SE13,2020,568831,580
SE13,2021,527877,816
SE13,2022,541173,705
SE13,2023,535627,563
SE13,2024,552069,615
SE14,2020,570040,325
SE14,2021,537443,413
SE14,2022,716384,388
SE14,2023,479002,279
SE14,2024,612962,320
SE15,2020,647017,660
SE15,2021,909707,921
SE15,2022,640130,747
SE15,2023,636186,537
SE15,2024,610363,680
SE16,2020,1002086,369
SE16,2021,540938,651
SE16,2022,929891,617
SE16,2023,548092,539
SE16,2024,578198,564
SE17,2020,486155,359
SE17,2021,601047,297
SE17,2022,806301,264
SE17,2023,558656,267
SE17,2024,639879,486
SE18,2020,400289,782
SE18,2021,476053,1166
SE18,2022,463851,1181
SE18,2023,456727,793
SE18,2024,502998,944
SE19,2020,487913,442
SE19,2021,537037,750
SE19,2022,466216,574
SE19,2023,512075,436
SE19,2024,495628,469
SE2,2020,410072,211
SE2,2021,402971,320
SE2,2022,390802,397
SE2,2023,439202,256
SE2,2024,392778,238
SE20,2020,398644,358
SE20,2021,444764,495
SE20,2022,430427,425
SE20,2023,433575,332
SE20,2024,462672,351
SE21,2020,951158,151
SE21,2021,961084,268
SE21,2022,1066241,202
SE21,2023,1104835,167
SE21,2024,1042192,205
SE22,2020,736959,455
SE22,2021,732554,646
SE22,2022,753052,612
SE22,2023,732125,433
SE22,2024,809710,528
SE23,2020,613315,516
SE23,2021,547916,704
SE23,2022,615251,661
SE23,2023,534952,445
SE23,2024,564306,529
SE24,2020,937335,201
SE24,2021,945572,349
SE24,2022,875689,282
SE24,2023,914879,211
SE24,2024,1033619,255
SE25,2020,366202,482
SE25,2021,369942,714
SE25,2022,397770,609
SE25,2023,364463,530
SE25,2024,373362,487
SE26,2020,529145,369
SE26,2021,555186,608
SE26,2022,522733,605
SE26,2023,517007,366
SE26,2024,528698,479
SE27,2020,560587,250
SE27,2021,587249,394
SE27,2022,570601,329
SE27,2023,585485,276
SE27,2024,552293,315
SE28,2020,390044,164
SE28,2021,307290,237
SE28,2022,355532,229
SE28,2023,347171,232
SE28,2024,349480,292
SE3,2020,605214,586
SE3,2021,576573,954
SE3,2022,715497,538
SE3,2023,603909,534
SE3,2024,689364,676
SE4,2020,553304,337
SE4,2021,597299,517
SE4,2022,616616,380
SE4,2023,599271,351
SE4,2024,610096,393
SE5,2020,566377,430
SE5,2021,696463,667
SE5,2022,647834,649
SE5,2023,574020,395
SE5,2024,644960,509
SE6,2020,435356,523
SE6,2021,466506,831
SE6,2022,541529,785
SE6,2023,473279,545
SE6,2024,515644,607
SE7,2020,572784,297
SE7,2021,673136,381
SE7,2022,1092367,234
SE7,2023,478775,165
SE7,2024,772714,184
SE8,2020,501534,356
SE8,2021,670988,397
SE8,2022,831829,316
SE8,2023,503472,239
SE8,2024,633143,311
SE9,2020,443801,700
SE9,2021,456800,979
SE9,2022,512031,818
SE9,2023,473146,635
SE9,2024,488842,729
SG1,2020,410439,660
SG1,2021,341456,985
SG1,2022,447427,840
SG1,2023,501904,640
SG1,2024,409998,719
SG10,2020,447097,40
SG10,2021,931981,36
SG10,2022,1050184,40
SG10,2023,783957,23
SG10,2024,685541,27
SG11,2020,631677,133
SG11,2021,608924,207
SG11,2022,699769,176
SG11,2023,652963,98
SG11,2024,599675,97
SG12,2020,463453,480
SG12,2021,449705,766
SG12,2022,469907,570
SG12,2023,465105,382
SG12,2024,467553,510
SG13,2020,641992,263
SG13,2021,606782,487
SG13,2022,527558,335
SG13,2023,622626,272
SG13,2024,624259,327
SG14,2020,648191,393
SG14,2021,481838,502
SG14,2022,543232,453
SG14,2023,524819,395
SG14,2024,523700,375
SG15,2020,322850,145
SG15,2021,341851,199
SG15,2022,328644,126
SG15,2023,346112,69
SG15,2024,334080,102
SG16,2020,446054,145
SG16,2021,401118,335
SG16,2022,438861,249
SG16,2023,445108,158
SG16,2024,466635,148
SG17,2020,443578,271
SG17,2021,451191,451
SG17,2022,456666,417
SG17,2023,457090,308
SG17,2024,416013,272
SG18,2020,412744,590
SG18,2021,390118,858
SG18,2022,388037,717
SG18,2023,504820,507
SG18,2024,399123,586
SG19,2020,381982,469
SG19,2021,386224,754
SG19,2022,402552,484
SG19,2023,368819,339
SG19,2024,369779,378
SG2,2020,335483,530
SG2,2021,364755,771
SG2,2022,375661,572
SG2,2023,369345,480
SG2,2024,379049,486
SG3,2020,454695,177
SG3,2021,487206,192
SG3,2022,454082,124
SG3,2023,494308,83
SG3,2024,492177,131
SG4,2020,516617,416
SG4,2021,537746,609
SG4,2022,548193,492
SG4,2023,540034,430
SG4,2024,574065,602
SG5,2020,449412,637
SG5,2021,458253,1018
SG5,2022,501725,729
SG5,2023,458555,588
SG5,2024,507511,619
SG6,2020,429911,426
SG6,2021,545517,653
SG6,2022,443885,474
SG6,2023,445149,407
SG6,2024,434453,439
SG7,2020,434094,193
SG7,2021,444597,286
SG7,2022,451823,237
SG7,2023,455366,196
SG7,2024,422120,193
SG8,2020,462205,626
SG8,2021,509484,1050
SG8,2022,511513,851
SG8,2023,500487,588
SG8,2024,482363,690
SG9,2020,477141,228
SG9,2021,586958,356
SG9,2022,536676,223
SG9,2023,508037,162
SG9,2024,529737,172
SK1,2020,183903,225
SK1,2021,261219,280
SK1,2022,241053,283
SK1,2023,241446,298
SK1,2024,226241,373
SK10,2020,424342,858
SK10,2021,513955,1116
SK10,2022,449416,877
SK10,2023,405989,814
SK10,2024,454517,818
SK11,2020,349090,802
SK11,2021,282246,1026
SK11,2022,319545,881
SK11,2023,298396,666
SK11,2024,307475,711
SK12,2020,375347,366
SK12,2021,387309,567
SK12,2022,436470,466
SK12,2023,489933,348
SK12,2024,447274,410
SK13,2020,223332,545
SK13,2021,243816,833
SK13,2022,253839,633
SK13,2023,259507,482
SK13,2024,266047,527
SK14,2020,186150,845
SK14,2021,209075,1154
SK14,2022,215692,909
SK14,2023,210478,671
SK14,2024,245661,815
SK15,2020,194242,359
SK15,2021,226031,542
SK15,2022,226123,468
SK15,2023,222870,333
SK15,2024,224934,391
SK16,2020,158585,246
SK16,2021,231212,357
SK16,2022,199301,270
SK16,2023,222753,250
SK16,2024,212387,277
SK17,2020,263619,539
SK17,2021,268020,889
SK17,2022,298258,798
SK17,2023,288054,644
SK17,2024,295808,610
SK2,2020,236822,434
SK2,2021,264374,664
SK2,2022,265697,517
SK2,2023,286014,436
SK2,2024,270336,521
SK22,2020,252564,208
SK22,2021,257838,268
SK22,2022,292808,216
SK22,2023,283744,178
SK22,2024,290263,227
SK23,2020,270921,323
SK23,2021,300704,401
SK23,2022,320918,390
SK23,2023,386137,278
SK23,2024,318204,346
SK3,2020,254237,437
SK3,2021,237231,623
SK3,2022,257028,534
SK3,2023,254459,475
SK3,2024,277739,462
SK4,2020,328285,516
SK4,2021,342939,781
SK4,2022,370404,657
SK4,2023,347215,558
SK4,2024,377394,608
SK5,2020,172945,605
SK5,2021,201086,590
SK5,2022,292930,499
SK5,2023,243761,406
SK5,2024,216683,412
SK6,2020,278614,823
SK6,2021,325322,1220
SK6,2022,336713,906
SK6,2023,330832,690
SK6,2024,342259,831
SK7,2020,377434,841
SK7,2021,420675,1093
SK7,2022,445123,818
SK7,2023,431431,726
SK7,2024,451884,831
SK8,2020,370748,978
SK8,2021,357465,1376
SK8,2022,406676,1083
SK8,2023,403381,872
SK8,2024,403174,927
SK9,2020,515649,798
SK9,2021,509278,1245
SK9,2022,536956,974
SK9,2023,552113,775
SK9,2024,549762,892
SL0,2020,621581,145
SL0,2021,592661,223
SL0,2022,2185567,187
SL0,2023,621532,122
SL0,2024,731593,158
SL1,2020,547430,639
SL1,2021,415805,1153
SL1,2022,498206,1092
SL1,2023,714381,735
SL1,2024,520668,874
SL2,2020,517252,415
SL2,2021,492939,788
SL2,2022,592040,560
SL2,2023,547724,436
SL2,2024,507301,471
SL3,2020,507305,432
SL3,2021,774037,701
SL3,2022,694664,494
SL3,2023,738499,435
SL3,2024,702385,463
SL4,2020,626680,588
SL4,2021,638438,954
SL4,2022,764017,801
SL4,2023,728264,600
SL4,2024,768835,676
SL5,2020,1124951,415
SL5,2021,978787,641
SL5,2022,1001899,520
SL5,2023,1043203,451
SL5,2024,988389,505
SL6,2020,632221,1121
SL6,2021,680735,1790
SL6,2022,639472,1594
SL6,2023,601457,1223
SL6,2024,763059,1305
SL7,2020,845026,277
SL7,2021,800337,466
SL7,2022,835537,370
SL7,2023,795880,278
SL7,2024,885731,336
SL8,2020,745034,117
SL8,2021,713047,162
SL8,2022,697029,149
SL8,2023,893970,82
SL8,2024,650344,106
SL9,2020,925967,334
SL9,2021,959850,505
SL9,2022,1075294,352
SL9,2023,1126012,274
SL9,2024,1004972,311
SM1,2020,489136,570
SM1,2021,453030,852
SM1,2022,478174,720
SM1,2023,443604,609
SM1,2024,460074,625
SM2,2020,512218,387
SM2,2021,549012,598
SM2,2022,549102,533
SM2,2023,553524,402
SM2,2024,556553,437
SM3,2020,471440,269
SM3,2021,501415,419
SM3,2022,510283,316
SM3,2023,826759,298
SM3,2024,513779,271
SM4,2020,442140,367
SM4,2021,459782,545
SM4,2022,465967,395
SM4,2023,490523,352
SM4,2024,486728,392
SM5,2020,457735,424
SM5,2021,458881,703
SM5,2022,483768,564
SM5,2023,472659,423
SM5,2024,489774,447
SM6,2020,452922,585
SM6,2021,429391,757
SM6,2022,442934,764
SM6,2023,440913,536
SM6,2024,482471,487
SM7,2020,691333,267
SM7,2021,628637,390
SM7,2022,687678,333
SM7,2023,878566,296
SM7,2024,738889,265
SN1,2020,247703,579
SN1,2021,252019,1023
SN1,2022,297478,772
SN1,2023,264909,797
SN1,2024,294788,800
SN10,2020,329396,591
SN10,2021,345286,857
SN10,2022,379536,663
SN10,2023,359972,493
SN10,2024,371457,530
SN11,2020,287788,467
SN11,2021,317706,636
SN11,2022,377366,567
SN11,2023,299829,381
SN11,2024,348182,459
SN12,2020,277125,497
SN12,2021,305000,756
SN12,2022,351868,670
SN12,2023,344523,500
SN12,2024,329354,471
SN13,2020,380481,278
SN13,2021,423914,396
SN13,2022,398999,318
SN13,2023,454848,272
SN13,2024,376044,289
SN14,2020,407037,356
SN14,2021,449742,600
SN14,2022,445267,493
SN14,2023,478241,420
SN14,2024,510585,455
SN15,2020,400339,596
SN15,2021,363382,989
SN15,2022,470535,858
SN15,2023,382178,631
SN15,2024,378264,691
SN16,2020,823267,206
SN16,2021,488499,379
SN16,2022,534055,281
SN16,2023,508900,259
SN16,2024,467903,326
SN2,2020,211378,494
SN2,2021,222747,844
SN2,2022,247803,699
SN2,2023,308010,601
SN2,2024,252213,584
SN25,2020,280246,858
SN25,2021,297191,1209
SN25,2022,295272,1006
SN25,2023,303317,706
SN25,2024,291074,733
SN26,2020,645376,35
SN26,2021,423710,77
SN26,2022,470847,109
SN26,2023,435029,59
SN26,2024,441222,63
SN3,2020,329034,659
SN3,2021,340016,1138
SN3,2022,499872,1001
SN3,2023,371837,862
SN3,2024,330614,993
SN38,2021,1125000,1
SN4,2020,339566,466
SN4,2021,352055,616
SN4,2022,409972,542
SN4,2023,424376,490
SN4,2024,375949,475
SN5,2020,241717,571
SN5,2021,290865,692
SN5,2022,350068,560
SN5,2023,381767,486
SN5,2024,302878,545
SN6,2020,384811,387
SN6,2021,420029,603
SN6,2022,491512,456
SN6,2023,475982,368
SN6,2024,409464,376
SN7,2020,400371,306
SN7,2021,467871,412
SN7,2022,452754,385
SN7,2023,423510,298
SN7,2024,409597,336
SN8,2020,620541,339
SN8,2021,551908,584
SN8,2022,644485,428
SN8,2023,581214,319
SN8,2024,580613,309
SN9,2020,435086,135
SN9,2021,453784,232
SN9,2022,507576,144
SN9,2023,487189,111
SN9,2024,424734,102
SO14,2020,308762,413
SO14,2021,329002,599
SO14,2022,327801,504
SO14,2023,483349,366
SO14,2024,476569,332
SO15,2020,289120,548
SO15,2021,257479,890
SO15,2022,324307,775
SO15,2023,306095,750
SO15,2024,349805,674
SO16,2020,288836,801
SO16,2021,345320,1133
SO16,2022,343096,948
SO16,2023,298581,776
SO16,2024,327746,765
SO17,2020,252755,232
SO17,2021,355353,316
SO17,2022,313725,295
SO17,2023,244836,294
SO17,2024,300757,202
SO18,2020,449187,530
SO18,2021,294977,680
SO18,2022,275363,609
SO18,2023,259803,522
SO18,2024,271190,578
SO19,2020,240325,731
SO19,2021,239759,1050
SO19,2022,268664,908
SO19,2023,268541,754
SO19,2024,273692,835
SO20,2020,715117,140
SO20,2021,757892,188
SO20,2022,1027491,138
SO20,2023,851838,92
SO20,2024,876813,107
SO21,2020,725373,314
SO21,2021,688384,423
SO21,2022,839886,269
SO21,2023,791196,197
SO21,2024,797230,224
SO22,2020,661229,419
SO22,2021,689695,664
SO22,2022,681593,591
SO22,2023,657469,477
SO22,2024,677638,545
SO23,2020,556442,321
SO23,2021,665858,570
SO23,2022,772359,436
SO23,2023,656544,337
SO23,2024,630406,378
SO24,2020,668363,186
SO24,2021,623361,284
SO24,2022,671916,182
SO24,2023,739616,125
SO24,2024,758637,158
SO30,2020,349308,586
SO30,2021,394070,804
SO30,2022,564564,725
SO30,2023,477250,617
SO30,2024,402319,633
SO31,2020,382223,893
SO31,2021,422045,1153
SO31,2022,440379,971
SO31,2023,433680,684
SO31,2024,422462,861
SO32,2020,524122,480
SO32,2021,525151,705
SO32,2022,557188,564
SO32,2023,518637,469
SO32,2024,513595,489
SO40,2020,345670,563
SO40,2021,373587,841
SO40,2022,398628,666
SO40,2023,466758,505
SO40,2024,366583,681
SO41,2020,607285,703
SO41,2021,591479,969
SO41,2022,693183,631
SO41,2023,628991,492
SO41,2024,664628,569
SO42,2020,983374,99
SO42,2021,846080,105
SO42,2022,1250283,89
SO42,2023,1109235,77
SO42,2024,980644,65
SO43,2020,660461,71
SO43,2021,728700,108
SO43,2022,680068,80
SO43,2023,686819,59
SO43,2024,763846,68
SO45,2020,324026,473
SO45,2021,375233,793
SO45,2022,371595,547
SO45,2023,402526,407
SO45,2024,379651,471
SO50,2020,339953,908
SO50,2021,318912,1275
SO50,2022,386278,992
SO50,2023,339270,752
SO50,2024,345258,797
SO51,2020,460683,561
SO51,2021,515562,809
SO51,2022,540623,554
SO51,2023,560807,496
SO51,2024,499716,504
SO52,2020,338265,97
SO52,2021,379248,149
SO52,2022,393042,105
SO52,2023,414635,90
SO52,2024,412541,134
SO53,2020,370689,437
SO53,2021,437813,646
SO53,2022,491124,462
SO53,2023,492881,405
SO53,2024,444118,467
SP1,2020,389762,436
SP1,2021,363989,587
SP1,2022,375065,461
SP1,2023,380953,424
SP1,2024,345160,451
SP10,2020,276247,513
SP10,2021,442180,774
SP10,2022,318156,593
SP10,2023,305868,550
SP10,2024,319653,539
SP11,2020,383912,755
SP11,2021,427753,1015
SP11,2022,470593,798
SP11,2023,504659,491
SP11,2024,467993,579
SP2,2020,358648,472
SP2,2021,315448,686
SP2,2022,340654,678
SP2,2023,325335,541
SP2,2024,357402,569
SP3,2020,442651,181
SP3,2021,609348,234
SP3,2022,541532,168
SP3,2023,588491,151
SP3,2024,553623,160
SP4,2020,349233,514
SP4,2021,368639,691
SP4,2022,352656,672
SP4,2023,360447,460
SP4,2024,351511,508
SP5,2020,510467,324
SP5,2021,579038,477
SP5,2022,606600,314
SP5,2023,622927,298
SP5,2024,564653,274
SP6,2020,395629,257
SP6,2021,469336,361
SP6,2022,508108,273
SP6,2023,494911,181
SP6,2024,493306,242
SP7,2020,382005,304
SP7,2021,424699,387
SP7,2022,436046,322
SP7,2023,404577,361
SP7,2024,432066,356
SP8,2020,302705,252
SP8,2021,322052,413
SP8,2022,343690,402
SP8,2023,390958,272
SP8,2024,349548,313
SP9,2020,234812,89
SP9,2021,258562,101
SP9,2022,280415,96
SP9,2023,286102,81
SP9,2024,254687,81
SR1,2020,129501,186
SR1,2021,132318,111
SR1,2022,170751,80
SR1,2023,238404,92
SR1,2024,141450,124
SR2,2020,233798,551
SR2,2021,159909,781
SR2,2022,168897,708
SR2,2023,151234,608
SR2,2024,147721,708
SR3,2020,211510,489
SR3,2021,194342,706
SR3,2022,192856,814
SR3,2023,190604,639
SR3,2024,191283,599
SR4,2020,155825,556
SR4,2021,118069,787
SR4,2022,135505,774
SR4,2023,133042,585
SR4,2024,121667,710
SR5,2020,259571,344
SR5,2021,211180,484
SR5,2022,171067,476
SR5,2023,150828,361
SR5,2024,322294,389
SR6,2020,220808,487
SR6,2021,244428,725
SR6,2022,247054,571
SR6,2023,228249,469
SR6,2024,244732,538
SR7,2020,316012,482
SR7,2021,207589,705
SR7,2022,144694,566
SR7,2023,129060,432
SR7,2024,153587,566
SR8,2020,143070,709
SR8,2021,115925,925
SR8,2022,103811,852
SR8,2023,91460,773
SR8,2024,100104,861
SS0,2020,299148,724
SS0,2021,322866,1155
SS0,2022,344774,939
SS0,2023,331903,685
SS0,2024,319933,726
SS1,2020,368173,464
SS1,2021,365789,706
SS1,2022,386190,662
SS1,2023,391273,390
SS1,2024,389730,453
SS11,2020,396475,301
SS11,2021,426636,458
SS11,2022,465210,369
SS11,2023,424292,319
SS11,2024,420567,326
SS12,2020,394320,273
SS12,2021,362501,461
SS12,2022,381412,322
SS12,2023,368201,253
SS12,2024,388113,277
SS13,2020,348220,236
SS13,2021,339031,382
SS13,2022,368575,290
SS13,2023,331931,231
SS13,2024,633971,254
SS14,2020,428436,358
SS14,2021,370507,519
SS14,2022,575864,447
SS14,2023,419252,328
SS14,2024,527358,385
SS15,2020,317700,418
SS15,2021,328401,650
SS15,2022,419757,497
SS15,2023,324872,362
SS15,2024,327133,437
SS16,2020,356293,395
SS16,2021,360937,633
SS16,2022,396713,481
SS16,2023,372527,395
SS16,2024,371490,420
SS17,2020,333609,440
SS17,2021,360527,735
SS17,2022,364695,549
SS17,2023,391042,387
SS17,2024,392700,504
SS2,2020,263047,667
SS2,2021,296644,787
SS2,2022,289559,860
SS2,2023,318967,473
SS2,2024,290290,563
SS3,2020,334360,421
SS3,2021,375359,624
SS3,2022,374135,455
SS3,2023,377937,348
SS3,2024,369815,395
SS4,2020,362919,414
SS4,2021,399383,491
SS4,2022,391710,399
SS4,2023,419557,315
SS4,2024,385718,421
SS5,2020,425413,327
SS5,2021,475616,573
SS5,2022,508841,478
SS5,2023,452454,350
SS5,2024,450691,395
SS6,2020,385737,498
SS6,2021,422569,832
SS6,2022,457964,659
SS6,2023,442049,537
SS6,2024,432871,589
SS7,2020,379553,830
SS7,2021,400559,1273
SS7,2022,419766,892
SS7,2023,439678,684
SS7,2024,411650,795
SS8,2020,277858,564
SS8,2021,317976,758
SS8,2022,346816,563
SS8,2023,323636,525
SS8,2024,325515,569
SS9,2020,388413,903
SS9,2021,436653,1383
SS9,2022,450384,1024
SS9,2023,446121,690
SS9,2024,435865,846
ST1,2020,133674,561
ST1,2021,136626,738
ST1,2022,136022,683
ST1,2023,169128,558
ST1,2024,140439,558
ST10,2020,235478,414
ST10,2021,261235,556
ST10,2022,646499,451
ST10,2023,253488,457
ST10,2024,279781,435
ST11,2020,222463,168
ST11,2021,263095,247
ST11,2022,258943,204
ST11,2023,255561,134
ST11,2024,268794,193
ST12,2020,351407,99
ST12,2021,330597,108
ST12,2022,372214,63
ST12,2023,310677,65
ST12,2024,370119,60
ST13,2020,223387,487
ST13,2021,242950,652
ST13,2022,265749,496
ST13,2023,249042,410
ST13,2024,233333,489
ST14,2020,255861,395
ST14,2021,263048,542
ST14,2022,263321,493
ST14,2023,284531,446
ST14,2024,294914,490
ST15,2020,298100,402
ST15,2021,289853,581
ST15,2022,341864,496
ST15,2023,327595,401
ST15,2024,302862,410
ST16,2020,213939,661
ST16,2021,343979,894
ST16,2022,277295,760
ST16,2023,295875,684
ST16,2024,331424,778
ST17,2020,239753,606
ST17,2021,251580,760
ST17,2022,275179,660
ST17,2023,307499,553
ST17,2024,262975,636
ST18,2020,333350,340
ST18,2021,465538,400
ST18,2022,424156,326
ST18,2023,366252,249
ST18,2024,355057,236
ST19,2020,301841,258
ST19,2021,328780,380
ST19,2022,388186,349
ST19,2023,303229,256
ST19,2024,354739,220
ST2,2020,137866,354
ST2,2021,185077,530
ST2,2022,161826,462
ST2,2023,162575,371
ST2,2024,167327,392
ST20,2020,295689,113
ST20,2021,405069,109
ST20,2022,347878,108
ST20,2023,345263,94
ST20,2024,311234,92
ST21,2020,343802,107
ST21,2021,387564,152
ST21,2022,335606,117
ST21,2023,466430,69
ST21,2024,371448,89
ST3,2020,177404,877
ST3,2021,164714,1189
ST3,2022,196934,1011
ST3,2023,173465,963
ST3,2024,216441,946
ST4,2020,173854,1010
ST4,2021,309277,1403
ST4,2022,158592,1375
ST4,2023,177376,1061
ST4,2024,259400,1169
ST5,2020,186223,1483
ST5,2021,186108,2024
ST5,2022,203058,1568
ST5,2023,209614,1383
ST5,2024,226804,1409
ST6,2020,125088,915
ST6,2021,209829,1248
ST6,2022,141856,1219
ST6,2023,147144,1103
ST6,2024,154369,1056
ST7,2020,195900,1122
ST7,2021,221965,1390
ST7,2022,286854,1117
ST7,2023,247580,926
ST7,2024,249690,957
ST8,2020,196881,308
ST8,2021,192445,387
ST8,2022,212595,309
ST8,2023,213986,286
ST8,2024,222248,309
ST9,2020,257480,184
ST9,2021,285581,254
ST9,2022,313126,163
ST9,2023,292780,157
ST9,2024,293508,181
SW10,2020,1497873,352
SW10,2021,2016551,330
SW10,2022,1939154,360
SW10,2023,2485775,299
SW10,2024,1777966,310
SW11,2020,901905,1451
SW11,2021,1015105,2087
SW11,2022,1139030,2523
SW11,2023,1031799,1546
SW11,2024,1034250,1644
SW12,2020,859657,531
SW12,2021,867194,802
SW12,2022,870708,764
SW12,2023,883940,517
SW12,2024,869745,643
SW13,2020,1391031,226
SW13,2021,1554624,303
SW13,2022,1611798,297
SW13,2023,1427530,230
SW13,2024,1487242,274
SW14,2020,1021793,252
SW14,2021,1102854,407
SW14,2022,1069938,296
SW14,2023,1034536,231
SW14,2024,1010754,278
SW15,2020,836701,790
SW15,2021,862811,1155
SW15,2022,976883,915
SW15,2023,829024,782
SW15,2024,790159,896
SW16,2020,566295,1020
SW16,2021,557131,1490
SW16,2022,583761,1246
SW16,2023,560282,1033
SW16,2024,580979,1157
SW17,2020,686777,942
SW17,2021,715516,1427
SW17,2022,737482,1313
SW17,2023,743097,991
SW17,2024,728523,1077
SW18,2020,858248,1246
SW18,2021,800231,1870
SW18,2022,795572,1508
SW18,2023,822019,1173
SW18,2024,796477,1332
SW19,2020,915242,1029
SW19,2021,990489,1673
SW19,2022,1028578,1475
SW19,2023,918093,1125
SW19,2024,881549,1313
SW1A,2020,6553667,13
SW1A,2021,37047065,14
SW1A,2022,27896194,15
SW1A,2023,10234379,56
SW1A,2024,14332179,19
SW1E,2020,3050481,21
SW1E,2021,1876553,19
SW1E,2022,2267661,31
SW1E,2023,2902487,39
SW1E,2024,5001624,22
SW1H,2020,5252169,26
SW1H,2021,3533634,33
SW1H,2022,3675311,53
SW1H,2023,2910768,65
SW1H,2024,5737870,26
SW1P,2020,946152,116
SW1P,2021,2180478,193
SW1P,2022,1433587,293
SW1P,2023,2033679,305
SW1P,2024,1302359,175
SW1V,2020,1336703,191
SW1V,2021,1180573,285
SW1V,2022,1266113,273
SW1V,2023,866710,243
SW1V,2024,1113239,287
SW1W,2020,4004264,170
SW1W,2021,4538420,176
SW1W,2022,4808804,151
SW1W,2023,3391031,164
SW1W,2024,3104047,148
SW1X,2020,3791200,124
SW1X,2021,3691030,175
SW1X,2022,4501074,185
SW1X,2023,6213747,183
SW1X,2024,5323135,160
SW1Y,2020,30266557,19
SW1Y,2021,15196333,21
SW1Y,2022,4401250,20
SW1Y,2023,6196654,19
SW1Y,2024,17482053,23
SW2,2020,613626,548
SW2,2021,586170,984
SW2,2022,621458,830
SW2,2023,579655,665
SW2,2024,634716,748
SW20,2020,798236,474
SW20,2021,907381,755
SW20,2022,847834,564
SW20,2023,772682,447
SW20,2024,899716,470
SW3,2020,2779430,315
SW3,2021,2582743,457
SW3,2022,3099722,513
SW3,2023,3089392,400
SW3,2024,2457073,454
SW4,2020,769196,670
SW4,2021,909632,789
SW4,2022,961281,677
SW4,2023,873947,520
SW4,2024,829810,593
SW5,2020,1447591,153
SW5,2021,1480934,231
SW5,2022,1479783,234
SW5,2023,1512707,256
SW5,2024,1191958,230
SW6,2020,1101493,1066
SW6,2021,1161563,1378
SW6,2022,1301692,1337
SW6,2023,1128434,1362
SW6,2024,1303206,1364
SW7,2020,3182226,263
SW7,2021,2369973,332
SW7,2022,2564987,336
SW7,2023,2303976,330
SW7,2024,2436222,351
SW8,2020,790335,524
SW8,2021,749197,625
SW8,2022,1256370,812
SW8,2023,1198211,712
SW8,2024,1039125,632
SW9,2020,799357,439
SW9,2021,733088,653
SW9,2022,618939,616
SW9,2023,581019,434
SW9,2024,582612,461
SY1,2020,245190,411
SY1,2021,272702,638
SY1,2022,303898,521
SY1,2023,254282,420
SY1,2024,292243,405
SY10,2020,279499,272
SY10,2021,319379,333
SY10,2022,357055,240
SY10,2023,335561,209
SY10,2024,354427,238
SY11,2020,239628,480
SY11,2021,237962,631
SY11,2022,257134,538
SY11,2023,247334,415
SY11,2024,305902,464
SY12,2020,245576,157
SY12,2021,267340,176
SY12,2022,301672,165
SY12,2023,314099,145
SY12,2024,282383,181
SY13,2020,259054,329
SY13,2021,310455,430
SY13,2022,346033,398
SY13,2023,314187,375
SY13,2024,310051,400
SY14,2020,431046,108
SY14,2021,409759,195
SY14,2022,443815,162
SY14,2023,486953,112
SY14,2024,443799,109
SY15,2020,246881,70
SY15,2021,277295,114
SY15,2022,393324,76
SY15,2023,285259,79
SY15,2024,325089,70
SY16,2020,228719,213
SY16,2021,240704,297
SY16,2022,237409,253
SY16,2023,256685,209
SY16,2024,217546,247
SY17,2020,304126,62
SY17,2021,250351,80
SY17,2022,262350,59
SY17,2023,294710,58
SY17,2024,274124,49
SY18,2020,204466,84
SY18,2021,231125,98
SY18,2022,233971,62
SY18,2023,260757,71
SY18,2024,239034,57
SY19,2020,246194,18
SY19,2021,266284,22
SY19,2022,653638,21
SY19,2023,331083,18
SY19,2024,282143,14
SY2,2020,259563,422
SY2,2021,287967,787
SY2,2022,313330,697
SY2,2023,302398,561
SY2,2024,298986,414
SY20,2020,202880,109
SY20,2021,221404,163
SY20,2022,311985,147
SY20,2023,239313,127
SY20,2024,242149,128
SY21,2020,242190,223
SY21,2021,313786,290
SY21,2022,298684,238
SY21,2023,341897,186
SY21,2024,324643,221
SY22,2020,260787,160
SY22,2021,263113,214
SY22,2022,307438,169
SY22,2023,302170,129
SY22,2024,319939,126
SY23,2020,208921,376
SY23,2021,231804,550
SY23,2022,260075,495
SY23,2023,285545,320
SY23,2024,261699,389
SY24,2020,223755,54
SY24,2021,259881,87
SY24,2022,249290,81
SY24,2023,216922,53
SY24,2024,249917,66
SY25,2020,220078,71
SY25,2021,250584,94
SY25,2022,263580,70
SY25,2023,398789,56
SY25,2024,236998,47
SY3,2020,278578,576
SY3,2021,411301,840
SY3,2022,338012,608
SY3,2023,369023,603
SY3,2024,343733,655
SY4,2020,307416,447
SY4,2021,342687,594
SY4,2022,372425,437
SY4,2023,362017,384
SY4,2024,359685,416
SY5,2020,327312,404
SY5,2021,364576,495
SY5,2022,412744,354
SY5,2023,402556,280
SY5,2024,390764,294
SY6,2020,362191,118
SY6,2021,408126,148
SY6,2022,432203,124
SY6,2023,468444,104
SY6,2024,448597,109
SY7,2020,317613,149
SY7,2021,393808,248
SY7,2022,414453,172
SY7,2023,374389,135
SY7,2024,378315,159
SY8,2020,338233,264
SY8,2021,312167,519
SY8,2022,305982,462
SY8,2023,340520,358
SY8,2024,350710,347
SY9,2020,283721,35
SY9,2021,349902,41
SY9,2022,323579,38
SY9,2023,319357,40
SY9,2024,297603,48
TA1,2020,271338,619
TA1,2021,279091,964
TA1,2022,304873,925
TA1,2023,314434,733
TA1,2024,303035,773
TA10,2020,323765,202
TA10,2021,367120,251
TA10,2022,421258,222
TA10,2023,441019,141
TA10,2024,405464,157
TA11,2020,431335,243
TA11,2021,421033,348
TA11,2022,443906,219
TA11,2023,404280,179
TA11,2024,379802,185
TA12,2020,328381,99
TA12,2021,308257,234
TA12,2022,334546,138
TA12,2023,337500,96
TA12,2024,301542,102
TA13,2020,304596,66
TA13,2021,393257,126
TA13,2022,418858,78
TA13,2023,418476,69
TA13,2024,418027,78
TA14,2020,331391,60
TA14,2021,381129,86
TA14,2022,402311,64
TA14,2023,340858,43
TA14,2024,313280,50
TA15,2020,227018,4
TA15,2021,331731,13
TA15,2022,387000,14
TA15,2023,318667,9
TA15,2024,548188,8
TA16,2020,261288,33
TA16,2021,348975,61
TA16,2022,287565,36
TA16,2023,311624,29
TA16,2024,347800,32
TA17,2020,628712,16
TA17,2021,483688,28
TA17,2022,867500,10
TA17,2023,523406,16
TA17,2024,485722,16
TA18,2020,260861,212
TA18,2021,273098,259
TA18,2022,307553,207
TA18,2023,331354,201
TA18,2024,268924,239
TA19,2020,323080,218
TA19,2021,347065,334
TA19,2022,346167,242
TA19,2023,349524,204
TA19,2024,364784,203
TA2,2020,258696,577
TA2,2021,287308,818
TA2,2022,306125,702
TA2,2023,294060,489
TA2,2024,303525,524
TA20,2020,260769,371
TA20,2021,310816,527
TA20,2022,342239,469
TA20,2023,319741,348
TA20,2024,339560,388
TA21,2020,346918,404
TA21,2021,295564,568
TA21,2022,332672,461
TA21,2023,317897,382
TA21,2024,318631,384
TA22,2020,409459,51
TA22,2021,421882,68
TA22,2022,644675,51
TA22,2023,567502,28
TA22,2024,400375,36
TA23,2020,270989,94
TA23,2021,297256,149
TA23,2022,334174,103
TA23,2023,292527,82
TA23,2024,298497,112
TA24,2020,289096,352
TA24,2021,323133,538
TA24,2022,540972,419
TA24,2023,369999,320
TA24,2024,362310,311
TA3,2020,422346,246
TA3,2021,459577,355
TA3,2022,495350,232
TA3,2023,470322,223
TA3,2024,497006,204
TA4,2020,372708,327
TA4,2021,396185,504
TA4,2022,393579,550
TA4,2023,469881,384
TA4,2024,381634,390
TA5,2020,294343,255
TA5,2021,382858,356
TA5,2022,365136,288
TA5,2023,345882,270
TA5,2024,335418,248
TA6,2020,222013,891
TA6,2021,241369,1287
TA6,2022,337334,1029
TA6,2023,274004,799
TA6,2024,320457,886
TA7,2020,342581,232
TA7,2021,340896,390
TA7,2022,401771,242
TA7,2023,382918,204
TA7,2024,350022,239
TA8,2020,238411,324
TA8,2021,268298,477
TA8,2022,295551,363
TA8,2023,336423,302
TA8,2024,292608,367
TA9,2020,264104,196
TA9,2021,310107,324
TA9,2022,364060,242
TA9,2023,346605,214
TA9,2024,301641,257
TD12,2020,219939,9
TD12,2021,390890,17
TD12,2022,275227,16
TD12,2023,305839,18
TD12,2024,337000,14
TD15,2020,187565,303
TD15,2021,200485,345
TD15,2022,254607,326
TD15,2023,268697,274
TD15,2024,376855,299
TD5,2021,145000,1
TD9,2020,149125,4
TD9,2021,341000,3
TD9,2022,372500,2
TD9,2023,344795,1
TF1,2020,217314,734
TF1,2021,247771,959
TF1,2022,257788,662
TF1,2023,236444,565
TF1,2024,225581,642
TF10,2020,282538,383
TF10,2021,330110,536
TF10,2022,320064,395
TF10,2023,323055,292
TF10,2024,298795,304
TF11,2020,285091,261
TF11,2021,307175,321
TF11,2022,319661,237
TF11,2023,330154,163
TF11,2024,312316,194
TF12,2020,229986,62
TF12,2021,247035,102
TF12,2022,265693,90
TF12,2023,258790,67
TF12,2024,274326,80
TF13,2020,346713,62
TF13,2021,376503,86
TF13,2022,433508,60
TF13,2023,477557,57
TF13,2024,390031,55
TF2,2020,229463,577
TF2,2021,238897,815
TF2,2022,236662,807
TF2,2023,246849,747
TF2,2024,253512,737
TF3,2020,263500,415
TF3,2021,198045,590
TF3,2022,233618,497
TF3,2023,202619,352
TF3,2024,277458,368
TF4,2020,182723,349
TF4,2021,209382,636
TF4,2022,254163,557
TF4,2023,226856,427
TF4,2024,229414,456
TF5,2020,314635,64
TF5,2021,334709,94
TF5,2022,306790,83
TF5,2023,318520,50
TF5,2024,351440,69
TF6,2020,422833,123
TF6,2021,336931,228
TF6,2022,329836,252
TF6,2023,344879,153
TF6,2024,388980,192
TF7,2020,167928,203
TF7,2021,185835,296
TF7,2022,177910,280
TF7,2023,193575,249
TF7,2024,272700,300
TF8,2020,244543,119
TF8,2021,278916,105
TF8,2022,290759,76
TF8,2023,330062,67
TF8,2024,301596,60
TF9,2020,270131,476
TF9,2021,295924,692
TF9,2022,355559,520
TF9,2023,300027,444
TF9,2024,348741,488
TN1,2020,466913,263
TN1,2021,559548,392
TN1,2022,501164,349
TN1,2023,562866,240
TN1,2024,483948,284
TN10,2020,468784,179
TN10,2021,548522,287
TN10,2022,535882,191
TN10,2023,503374,149
TN10,2024,499953,182
TN11,2020,625277,191
TN11,2021,691402,266
TN11,2022,715943,249
TN11,2023,908099,136
TN11,2024,803412,197
TN12,2020,789964,630
TN12,2021,483084,845
TN12,2022,558717,814
TN12,2023,467713,639
TN12,2024,465021,577
TN13,2020,754656,393
TN13,2021,744301,622
TN13,2022,870598,512
TN13,2023,818787,358
TN13,2024,883804,409
TN14,2020,698508,241
TN14,2021,652237,365
TN14,2022,662898,264
TN14,2023,633326,202
TN14,2024,943143,228
TN15,2020,660330,350
TN15,2021,633686,574
TN15,2022,752805,427
TN15,2023,722020,293
TN15,2024,649178,376
TN16,2020,487034,332
TN16,2021,485662,456
TN16,2022,536677,336
TN16,2023,876418,242
TN16,2024,522455,309
TN17,2020,1027425,238
TN17,2021,611614,310
TN17,2022,665984,175
TN17,2023,641269,209
TN17,2024,619307,213
TN18,2020,517712,108
TN18,2021,591973,196
TN18,2022,581508,128
TN18,2023,528978,97
TN18,2024,518469,105
TN19,2020,385978,71
TN19,2021,569572,123
TN19,2022,652542,86
TN19,2023,673008,54
TN19,2024,566779,66
TN2,2020,598005,565
TN2,2021,633343,911
TN2,2022,591330,752
TN2,2023,631791,515
TN2,2024,577590,473
TN20,2020,657513,67
TN20,2021,692435,100
TN20,2022,822970,75
TN20,2023,782315,46
TN20,2024,616574,47
TN21,2020,435313,369
TN21,2021,462068,512
TN21,2022,533259,351
TN21,2023,431936,221
TN21,2024,455183,305
TN22,2020,479722,453
TN22,2021,542361,740
TN22,2022,527873,588
TN22,2023,505833,510
TN22,2024,527093,524
TN23,2020,358758,877
TN23,2021,1073311,1155
TN23,2022,335966,897
TN23,2023,356617,679
TN23,2024,320670,686
TN24,2020,349297,547
TN24,2021,322233,811
TN24,2022,349272,677
TN24,2023,367199,522
TN24,2024,443415,552
TN25,2020,497980,416
TN25,2021,419044,679
TN25,2022,446204,616
TN25,2023,462862,322
TN25,2024,483952,343
TN26,2020,859283,206
TN26,2021,529303,255
TN26,2022,579213,184
TN26,2023,573655,169
TN26,2024,636783,185
TN27,2020,510826,263
TN27,2021,510333,445
TN27,2022,563774,292
TN27,2023,579080,209
TN27,2024,540024,208
TN28,2020,332125,183
TN28,2021,346413,271
TN28,2022,381000,181
TN28,2023,383188,175
TN28,2024,340180,187
TN29,2020,302552,215
TN29,2021,326822,330
TN29,2022,398502,229
TN29,2023,358120,159
TN29,2024,336294,183
TN3,2020,1460329,155
TN3,2021,784202,280
TN3,2022,905402,225
TN3,2023,940900,144
TN3,2024,735897,142
TN30,2020,522455,235
TN30,2021,491986,310
TN30,2022,494016,199
TN30,2023,540545,193
TN30,2024,493798,191
TN31,2020,427256,281
TN31,2021,484678,382
TN31,2022,484658,316
TN31,2023,427780,264
TN31,2024,474899,273
TN32,2020,426131,94
TN32,2021,571933,105
TN32,2022,637065,86
TN32,2023,570230,46
TN32,2024,696859,60
TN33,2020,514061,225
TN33,2021,511924,315
TN33,2022,488819,285
TN33,2023,481591,197
TN33,2024,508678,148
TN34,2020,270297,519
TN34,2021,311144,856
TN34,2022,328302,725
TN34,2023,285007,584
TN34,2024,315197,602
TN35,2020,302178,305
TN35,2021,364933,442
TN35,2022,386142,314
TN35,2023,370126,246
TN35,2024,346736,245
TN36,2020,430841,50
TN36,2021,491709,58
TN36,2022,516597,63
TN36,2023,659762,42
TN36,2024,590265,47
TN37,2020,251901,365
TN37,2021,273303,557
TN37,2022,319149,474
TN37,2023,304727,374
TN37,2024,340462,358
TN38,2020,257715,517
TN38,2021,308127,735
TN38,2022,380477,589
TN38,2023,323238,514
TN38,2024,313758,517
TN39,2020,340815,590
TN39,2021,384620,905
TN39,2022,417910,702
TN39,2023,427064,454
TN39,2024,409348,581
TN4,2020,489815,540
TN4,2021,545729,830
TN4,2022,535892,687
TN4,2023,493546,454
TN4,2024,561615,539
TN40,2020,245001,412
TN40,2021,250608,681
TN40,2022,284893,561
TN40,2023,328530,415
TN40,2024,285806,453
TN5,2020,618576,152
TN5,2021,622936,270
TN5,2022,750253,163
TN5,2023,687204,122
TN5,2024,782834,166
TN6,2020,489596,472
TN6,2021,552553,754
TN6,2022,539167,510
TN6,2023,551149,398
TN6,2024,487743,502
TN7,2020,928411,31
TN7,2021,988905,39
TN7,2022,957784,36
TN7,2023,912400,32
TN7,2024,828295,22
TN8,2020,530124,252
TN8,2021,540338,336
TN8,2022,609842,264
TN8,2023,558285,187
TN8,2024,554294,189
TN9,2020,397428,325
TN9,2021,839731,533
TN9,2022,445431,455
TN9,2023,411555,300
TN9,2024,428193,344
TQ1,2020,259042,653
TQ1,2021,263754,1139
TQ1,2022,268995,871
TQ1,2023,292470,614
TQ1,2024,284647,603
TQ10,2020,314332,56
TQ10,2021,495244,87
TQ10,2022,422689,95
TQ10,2023,418850,72
TQ10,2024,401744,51
TQ11,2020,237574,66
TQ11,2021,314255,94
TQ11,2022,357600,69
TQ11,2023,348530,55
TQ11,2024,359757,66
TQ12,2020,305504,1033
TQ12,2021,307547,1530
TQ12,2022,337222,1171
TQ12,2023,327573,954
TQ12,2024,311153,964
TQ13,2020,359924,486
TQ13,2021,419513,685
TQ13,2022,455418,543
TQ13,2023,475100,490
TQ13,2024,449191,421
TQ14,2020,330732,383
TQ14,2021,342819,606
TQ14,2022,351819,467
TQ14,2023,345909,359
TQ14,2024,348590,403
TQ2,2020,281284,537
TQ2,2021,269923,804
TQ2,2022,288310,666
TQ2,2023,291762,462
TQ2,2024,302655,525
TQ3,2020,230116,560
TQ3,2021,256857,773
TQ3,2022,277462,603
TQ3,2023,265387,423
TQ3,2024,273640,542
TQ4,2020,243495,381
TQ4,2021,276577,607
TQ4,2022,375051,472
TQ4,2023,304707,396
TQ4,2024,309386,424
TQ5,2020,273961,419
TQ5,2021,304290,596
TQ5,2022,338981,431
TQ5,2023,359093,284
TQ5,2024,332846,341
TQ6,2020,517252,254
TQ6,2021,561830,400
TQ6,2022,525271,277
TQ6,2023,573218,219
TQ6,2024,467978,218
TQ7,2020,472951,466
TQ7,2021,479889,640
TQ7,2022,586065,459
TQ7,2023,502947,365
TQ7,2024,503700,371
TQ8,2020,959533,101
TQ8,2021,994440,105
TQ8,2022,1172021,87
TQ8,2023,1024204,73
TQ8,2024,1000140,87
TQ9,2020,388143,379
TQ9,2021,446607,553
TQ9,2022,481938,397
TQ9,2023,524339,322
TQ9,2024,523455,405
TR1,2020,325286,427
TR1,2021,348639,656
TR1,2022,365947,444
TR1,2023,379716,344
TR1,2024,362532,400
TR10,2020,308932,194
TR10,2021,289035,273
TR10,2022,291627,196
TR10,2023,324587,170
TR10,2024,315602,193
TR11,2020,399522,700
TR11,2021,419099,885
TR11,2022,490522,642
TR11,2023,449517,545
TR11,2024,466728,602
TR12,2020,394394,177
TR12,2021,451796,258
TR12,2022,571389,141
TR12,2023,582838,121
TR12,2024,461240,134
TR13,2020,274514,340
TR13,2021,314994,459
TR13,2022,401920,389
TR13,2023,359977,303
TR13,2024,328975,355
TR14,2020,218160,462
TR14,2021,246845,573
TR14,2022,240233,552
TR14,2023,253162,394
TR14,2024,256186,454
TR15,2020,211405,356
TR15,2021,261275,480
TR15,2022,268506,400
TR15,2023,259604,359
TR15,2024,260555,372
TR16,2020,336458,318
TR16,2021,306768,336
TR16,2022,403405,297
TR16,2023,335950,225
TR16,2024,328119,266
TR17,2020,342400,25
TR17,2021,447977,47
TR17,2022,444772,35
TR17,2023,434071,14
TR17,2024,571507,15
TR18,2020,235553,324
TR18,2021,279744,460
TR18,2022,301368,374
TR18,2023,307715,327
TR18,2024,299139,353
TR19,2020,309350,159
TR19,2021,352723,291
TR19,2022,389835,182
TR19,2023,369095,163
TR19,2024,487187,170
TR2,2020,517332,208
TR2,2021,484006,293
TR2,2022,536438,217
TR2,2023,478248,180
TR2,2024,574231,153
TR20,2020,319706,181
TR20,2021,392266,261
TR20,2022,402815,150
TR20,2023,443858,128
TR20,2024,389452,144
TR21,2020,378349,21
TR21,2021,348029,35
TR21,2022,347400,15
TR21,2023,438553,19
TR21,2024,467481,26
TR22,2023,440000,1
TR23,2023,200000,1
TR24,2024,4375000,1
TR25,2021,485000,2
TR25,2023,500000,1
TR26,2020,418766,354
TR26,2021,455107,520
TR26,2022,523226,388
TR26,2023,497813,278
TR26,2024,503643,241
TR27,2020,289275,327
TR27,2021,428409,421
TR27,2022,337968,369
TR27,2023,341530,291
TR27,2024,319714,255
TR3,2020,405119,272
TR3,2021,463200,331
TR3,2022,523418,252
TR3,2023,511419,203
TR3,2024,492014,185
TR4,2020,348012,246
TR4,2021,420152,300
TR4,2022,403530,202
TR4,2023,508749,187
TR4,2024,466844,185
TR5,2020,416906,127
TR5,2021,429019,116
TR5,2022,601328,84
TR5,2023,547555,66
TR5,2024,561953,72
TR6,2020,348551,90
TR6,2021,451718,113
TR6,2022,483356,86
TR6,2023,473276,69
TR6,2024,469775,60
TR7,2020,309837,528
TR7,2021,360688,605
TR7,2022,455839,516
TR7,2023,340368,463
TR7,2024,368750,499
TR8,2020,341071,353
TR8,2021,428734,396
TR8,2022,478727,298
TR8,2023,542940,263
TR8,2024,446796,274
TR9,2020,261245,147
TR9,2021,281787,217
TR9,2022,271251,164
TR9,2023,279929,131
TR9,2024,284743,111
TS1,2020,211127,290
TS1,2021,259472,435
TS1,2022,115793,409
TS1,2023,91436,322
TS1,2024,122206,393
TS10,2020,140311,573
TS10,2021,164076,863
TS10,2022,162506,748
TS10,2023,163758,668
TS10,2024,163636,665
TS11,2020,166963,157
TS11,2021,165914,180
TS11,2022,172847,158
TS11,2023,186925,167
TS11,2024,206366,164
TS12,2020,154025,331
TS12,2021,176042,493
TS12,2022,190342,450
TS12,2023,195890,420
TS12,2024,211053,395
TS13,2020,143727,211
TS13,2021,151613,258
TS13,2022,181998,188
TS13,2023,178823,176
TS13,2024,172377,170
TS14,2020,184870,323
TS14,2021,197772,487
TS14,2022,200233,360
TS14,2023,202031,258
TS14,2024,236093,286
TS15,2020,284907,381
TS15,2021,308469,452
TS15,2022,304858,334
TS15,2023,354116,283
TS15,2024,351012,316
TS16,2020,204746,182
TS16,2021,318304,256
TS16,2022,270969,238
TS16,2023,306723,261
TS16,2024,266889,314
TS17,2020,186965,791
TS17,2021,183449,996
TS17,2022,195035,876
TS17,2023,198767,746
TS17,2024,205050,775
TS18,2020,202586,470
TS18,2021,282059,635
TS18,2022,177364,573
TS18,2023,167804,448
TS18,2024,184830,464
TS19,2020,158763,508
TS19,2021,138964,656
TS19,2022,145070,706
TS19,2023,150300,521
TS19,2024,149254,537
TS2,2020,122444,9
TS2,2021,274010,24
TS2,2022,329161,14
TS2,2023,252713,10
TS2,2024,105486,21
TS20,2020,194124,390
TS20,2021,185816,559
TS20,2022,212531,405
TS20,2023,144698,323
TS20,2024,139128,347
TS21,2020,244275,306
TS21,2021,239149,438
TS21,2022,226846,382
TS21,2023,259491,335
TS21,2024,241252,308
TS22,2020,321914,298
TS22,2021,372318,406
TS22,2022,379019,397
TS22,2023,352891,365
TS22,2024,360974,316
TS23,2020,145406,369
TS23,2021,138568,537
TS23,2022,139687,488
TS23,2023,130276,355
TS23,2024,153604,423
TS24,2020,105215,295
TS24,2021,107253,459
TS24,2022,125004,438
TS24,2023,124476,432
TS24,2024,122404,401
TS25,2020,119671,583
TS25,2021,126299,820
TS25,2022,125031,706
TS25,2023,127429,604
TS25,2024,124932,767
TS26,2020,164312,622
TS26,2021,155077,759
TS26,2022,166369,676
TS26,2023,165175,611
TS26,2024,168432,645
TS27,2020,126323,232
TS27,2021,130703,351
TS27,2022,170808,378
TS27,2023,149121,343
TS27,2024,155782,348
TS28,2020,271620,118
TS28,2021,134214,172
TS28,2022,146342,189
TS28,2023,134808,125
TS28,2024,140759,142
TS29,2020,96918,86
TS29,2021,99710,127
TS29,2022,114480,129
TS29,2023,96098,102
TS29,2024,102835,119
TS3,2020,118785,338
TS3,2021,90948,521
TS3,2022,85601,486
TS3,2023,89205,427
TS3,2024,98761,428
TS4,2020,156253,212
TS4,2021,140520,344
TS4,2022,132842,286
TS4,2023,144888,257
TS4,2024,151137,269
TS5,2020,141566,617
TS5,2021,158203,893
TS5,2022,161227,812
TS5,2023,153778,641
TS5,2024,157073,680
TS6,2020,132948,423
TS6,2021,123958,627
TS6,2022,131816,585
TS6,2023,136937,525
TS6,2024,158172,537
TS7,2020,230886,401
TS7,2021,249229,610
TS7,2022,247584,510
TS7,2023,266773,382
TS7,2024,238674,434
TS8,2020,195806,395
TS8,2021,189729,506
TS8,2022,199855,513
TS8,2023,202438,413
TS8,2024,199405,458
TS9,2020,298865,220
TS9,2021,327707,319
TS9,2022,362309,234
TS9,2023,330640,233
TS9,2024,350754,226
TW1,2020,925085,451
TW1,2021,967022,622
TW1,2022,991350,470
TW1,2023,1197480,471
TW1,2024,988616,455
TW10,2020,1153546,288
TW10,2021,1193288,378
TW10,2022,1381086,335
TW10,2023,1377209,253
TW10,2024,1074019,298
TW11,2020,779833,403
TW11,2021,765384,620
TW11,2022,837321,494
TW11,2023,842029,416
TW11,2024,841598,387
TW12,2020,648237,344
TW12,2021,670722,562
TW12,2022,680243,407
TW12,2023,693654,278
TW12,2024,699338,305
TW13,2020,418983,355
TW13,2021,411257,512
TW13,2022,459282,423
TW13,2023,412111,405
TW13,2024,427707,378
TW14,2020,477791,257
TW14,2021,1442291,404
TW14,2022,425564,305
TW14,2023,486493,215
TW14,2024,406988,223
TW15,2020,440197,412
TW15,2021,383266,718
TW15,2022,489744,543
TW15,2023,453591,378
TW15,2024,461162,474
TW16,2020,496190,288
TW16,2021,583000,453
TW16,2022,741050,352
TW16,2023,690463,298
TW16,2024,576026,310
TW17,2020,472424,237
TW17,2021,544628,308
TW17,2022,536453,258
TW17,2023,505673,186
TW17,2024,568361,215
TW18,2020,606343,507
TW18,2021,468977,621
TW18,2022,566067,604
TW18,2023,520378,368
TW18,2024,484771,559
TW19,2020,1365800,167
TW19,2021,478601,309
TW19,2022,464914,259
TW19,2023,456785,161
TW19,2024,497829,202
TW2,2020,606410,366
TW2,2021,681869,572
TW2,2022,666612,490
TW2,2023,667031,383
TW2,2024,684422,444
TW20,2020,632420,346
TW20,2021,991694,560
TW20,2022,1223558,450
TW20,2023,828930,347
TW20,2024,579780,312
TW3,2020,505802,326
TW3,2021,496477,457
TW3,2022,475078,504
TW3,2023,461183,337
TW3,2024,471554,363
TW4,2020,924076,166
TW4,2021,462322,174
TW4,2022,517089,148
TW4,2023,476674,135
TW4,2024,443256,173
TW5,2020,596033,159
TW5,2021,470474,253
TW5,2022,476046,173
TW5,2023,728943,145
TW5,2024,631416,174
TW6,2021,35175280,5
TW6,2022,44121500,2
TW6,2024,1128000,1
TW7,2020,508872,425
TW7,2021,505718,614
TW7,2022,558583,480
TW7,2023,540033,371
TW7,2024,640953,425
TW8,2020,516245,257
TW8,2021,567145,464
TW8,2022,734764,584
TW8,2023,766952,425
TW8,2024,812563,414
TW9,2020,1156902,344
TW9,2021,1015974,483
TW9,2022,1031355,431
TW9,2023,1176290,351
TW9,2024,990944,399
UB1,2020,430045,188
UB1,2021,435031,484
UB1,2022,521919,268
UB1,2023,397993,203
UB1,2024,476061,263
UB10,2020,513836,543
UB10,2021,526813,725
UB10,2022,643959,460
UB10,2023,574018,369
UB10,2024,622395,431
UB11,2020,20343750,2
UB11,2021,10823333,3
UB11,2022,143650000,1
UB11,2023,6075000,2
UB11,2024,27683333,3
UB2,2020,500713,303
UB2,2021,485312,404
UB2,2022,683439,280
UB2,2023,434570,252
UB2,2024,448077,244
UB3,2020,506377,391
UB3,2021,452073,659
UB3,2022,656023,806
UB3,2023,460540,594
UB3,2024,609700,445
UB4,2020,583864,320
UB4,2021,688459,481
UB4,2022,448476,346
UB4,2023,848196,275
UB4,2024,469813,337
UB5,2020,375357,284
UB5,2021,403139,492
UB5,2022,464263,387
UB5,2023,383821,327
UB5,2024,515046,397
UB6,2020,489449,393
UB6,2021,519805,540
UB6,2022,933337,524
UB6,2023,758742,364
UB6,2024,523887,428
UB7,2020,495207,322
UB7,2021,513629,510
UB7,2022,899151,436
UB7,2023,945552,316
UB7,2024,593257,388
UB8,2020,534129,417
UB8,2021,530706,676
UB8,2022,488113,523
UB8,2023,502395,430
UB8,2024,478661,435
UB9,2020,575170,227
UB9,2021,596414,327
UB9,2022,853395,253
UB9,2023,669911,220
UB9,2024,508500,211
W10,2020,911477,210
W10,2021,926311,292
W10,2022,1083942,262
W10,2023,1008515,202
W10,2024,1067265,212
W11,2020,2134362,321
W11,2021,2495252,435
W11,2022,2882365,419
W11,2023,2589603,324
W11,2024,2397346,352
W12,2020,888441,518
W12,2021,811954,751
W12,2022,833256,542
W12,2023,913733,579
W12,2024,924153,660
W13,2020,802166,331
W13,2021,776404,575
W13,2022,764376,581
W13,2023,767152,459
W13,2024,778595,445
W14,2020,1346766,406
W14,2021,1202828,704
W14,2022,1863548,533
W14,2023,1830981,447
W14,2024,1319891,517
W1B,2020,5054282,56
W1B,2021,7697968,33
W1B,2022,6111156,32
W1B,2023,4100409,25
W1B,2024,6273000,15
W1C,2021,12301750,4
W1C,2022,4925000,2
W1C,2023,25000,1
W1C,2024,18500000,1
W1D,2020,9355502,24
W1D,2021,1829372,17
W1D,2022,7423899,28
W1D,2023,4326408,28
W1D,2024,18869782,31
W1F,2020,4309410,20
W1F,2021,5975661,31
W1F,2022,4855809,35
W1F,2023,2255738,114
W1F,2024,5919578,45
W1G,2020,7033191,48
W1G,2021,3926843,91
W1G,2022,3164077,85
W1G,2023,2916729,62
W1G,2024,2755816,57
W1H,2020,1382642,82
W1H,2021,2264693,140
W1H,2022,2351909,125
W1H,2023,1987899,139
W1H,2024,1833704,145
W1J,2020,7225036,38
W1J,2021,5305976,38
W1J,2022,4262853,68
W1J,2023,7043839,56
W1J,2024,8632785,64
W1K,2020,8270765,128
W1K,2021,6706140,106
W1K,2022,9799653,139
W1K,2023,8219957,98
W1K,2024,5794624,105
W1S,2020,36091097,37
W1S,2021,27282765,18
W1S,2022,26095649,23
W1S,2023,16405625,96
W1S,2024,18805327,32
W1T,2020,5882153,84
W1T,2021,4051356,133
W1T,2022,4189183,97
W1T,2023,2938644,86
W1T,2024,2295134,104
W1U,2020,2640687,64
W1U,2021,5836231,102
W1U,2022,2492147,88
W1U,2023,3136425,108
W1U,2024,2582088,124
W1W,2020,1605584,46
W1W,2021,1926620,54
W1W,2022,2448391,60
W1W,2023,5532462,43
W1W,2024,3476872,70
W1Y,2023,1135000,1
W2,2020,1946447,674
W2,2021,1679290,1002
W2,2022,1857605,887
W2,2023,2202390,663
W2,2024,1858536,662
W3,2020,918611,694
W3,2021,687328,846
W3,2022,625570,1202
W3,2023,879815,873
W3,2024,700473,877
W4,2020,1194771,646
W4,2021,1037451,878
W4,2022,1101813,801
W4,2023,1165283,678
W4,2024,1094633,789
W5,2020,907798,555
W5,2021,734686,1200
W5,2022,808187,785
W5,2023,706973,634
W5,2024,844590,809
W6,2020,1216242,524
W6,2021,933918,667
W6,2022,888456,605
W6,2023,946930,549
W6,2024,1078605,496
W7,2020,540697,270
W7,2021,569286,458
W7,2022,571525,416
W7,2023,544656,385
W7,2024,553279,317
W8,2020,3217361,295
W8,2021,3193831,405
W8,2022,3473064,410
W8,2023,2821586,303
W8,2024,3126913,355
W9,2020,989411,382
W9,2021,929125,566
W9,2022,998468,516
W9,2023,1004650,405
W9,2024,943397,518
WA1,2020,249817,386
WA1,2021,287143,496
WA1,2022,280416,514
WA1,2023,331398,381
WA1,2024,305712,404
WA10,2020,160142,653
WA10,2021,162250,975
WA10,2022,174285,773
WA10,2023,160587,648
WA10,2024,188089,673
WA11,2020,451814,519
WA11,2021,204172,679
WA11,2022,189458,595
WA11,2023,198131,500
WA11,2024,258122,570
WA12,2020,179147,466
WA12,2021,194098,595
WA12,2022,246845,507
WA12,2023,204902,351
WA12,2024,229776,366
WA13,2020,396423,239
WA13,2021,426666,387
WA13,2022,454811,241
WA13,2023,432558,224
WA13,2024,494355,203
WA14,2020,459172,580
WA14,2021,502538,823
WA14,2022,575087,724
WA14,2023,548584,558
WA14,2024,580676,563
WA15,2020,538423,613
WA15,2021,551723,986
WA15,2022,667954,612
WA15,2023,650578,601
WA15,2024,571105,683
WA16,2020,511102,468
WA16,2021,593536,649
WA16,2022,643595,470
WA16,2023,705488,521
WA16,2024,582115,531
WA2,2020,166033,448
WA2,2021,197116,667
WA2,2022,201959,568
WA2,2023,427668,461
WA2,2024,210902,520
WA3,2020,250138,976
WA3,2021,291632,1108
WA3,2022,281971,1017
WA3,2023,334705,752
WA3,2024,266091,773
WA4,2020,355254,960
WA4,2021,329475,1273
WA4,2022,403953,1167
WA4,2023,354650,967
WA4,2024,368337,908
WA5,2020,265213,1068
WA5,2021,376699,1458
WA5,2022,290757,1217
WA5,2023,299147,927
WA5,2024,284003,952
WA6,2020,299672,311
WA6,2021,438445,473
WA6,2022,345705,344
WA6,2023,342491,277
WA6,2024,346044,341
WA7,2020,171669,831
WA7,2021,194927,953
WA7,2022,293437,980
WA7,2023,216610,763
WA7,2024,193580,921
WA8,2020,173087,848
WA8,2021,216377,1170
WA8,2022,207889,945
WA8,2023,271019,806
WA8,2024,261565,933
WA9,2020,144785,798
WA9,2021,157254,1069
WA9,2022,165189,924
WA9,2023,169589,788
WA9,2024,248997,921
WC1A,2020,15262408,13
WC1A,2021,4459587,23
WC1A,2022,1873957,16
WC1A,2023,4303068,23
WC1A,2024,2477989,22
WC1B,2020,2086593,15
WC1B,2021,2518206,17
WC1B,2022,36269333,15
WC1B,2023,1134991,14
WC1B,2024,8048393,15
WC1E,2020,697130,14
WC1E,2021,3013719,17
WC1E,2022,1159452,21
WC1E,2023,2598571,14
WC1E,2024,2023747,15
WC1H,2020,2232483,59
WC1H,2021,997278,77
WC1H,2022,2276215,80
WC1H,2023,1459922,73
WC1H,2024,775396,87
WC1N,2020,6027731,64
WC1N,2021,2908655,57
WC1N,2022,3015511,47
WC1N,2023,1408838,43
WC1N,2024,1103280,51
WC1R,2020,780000,8
WC1R,2021,3120433,9
WC1R,2022,5331924,16
WC1R,2023,7331286,7
WC1R,2024,2941700,10
WC1V,2020,11765000,6
WC1V,2021,1474286,7
WC1V,2022,1048333,3
WC1V,2023,2016000,1
WC1V,2024,6638750,6
WC1X,2020,1204053,94
WC1X,2021,2036006,158
WC1X,2022,1228019,134
WC1X,2023,1310737,190
WC1X,2024,1427438,108
WC2A,2020,2439687,157
WC2A,2021,2309842,35
WC2A,2022,4059638,26
WC2A,2023,3505914,7
WC2A,2024,2522143,7
WC2B,2020,4436902,51
WC2B,2021,3605702,39
WC2B,2022,5425209,40
WC2B,2023,2324048,20
WC2B,2024,1291420,27
WC2E,2020,7836333,12
WC2E,2021,2609016,19
WC2E,2022,4964467,15
WC2E,2023,5136558,13
WC2E,2024,8789360,19
WC2H,2020,7131210,27
WC2H,2021,4699685,38
WC2H,2022,4190765,25
WC2H,2023,4550253,33
WC2H,2024,4506724,46
WC2N,2020,7181240,15
WC2N,2021,32440445,28
WC2N,2022,41783980,12
WC2N,2023,2303123,14
WC2N,2024,3408752,17
WC2R,2020,3939219,21
WC2R,2021,4227273,11
WC2R,2022,1956667,6
WC2R,2023,3717344,20
WC2R,2024,2505169,13
WD1,2020,5450000,1
WD1,2021,6500000,1
WD1,2023,650000,1
WD17,2020,504074,255
WD17,2021,745275,477
WD17,2022,728762,347
WD17,2023,592765,264
WD17,2024,641633,290
WD18,2020,531745,273
WD18,2021,422376,436
WD18,2022,394565,601
WD18,2023,370425,510
WD18,2024,559443,387
WD19,2020,435802,380
WD19,2021,453440,561
WD19,2022,466296,442
WD19,2023,475602,332
WD19,2024,493296,365
WD2,2024,1660000,1
WD23,2020,520874,432
WD23,2021,596449,591
WD23,2022,629488,468
WD23,2023,684783,332
WD23,2024,565462,416
WD24,2020,408273,246
WD24,2021,424248,529
WD24,2022,496628,439
WD24,2023,565060,291
WD24,2024,473981,335
WD25,2020,538927,390
WD25,2021,459392,475
WD25,2022,453287,359
WD25,2023,532438,262
WD25,2024,479843,323
WD3,2020,706339,536
WD3,2021,741544,818
WD3,2022,802035,612
WD3,2023,758463,493
WD3,2024,799052,612
WD4,2020,748272,184
WD4,2021,658208,306
WD4,2022,696387,259
WD4,2023,761400,163
WD4,2024,675267,220
WD5,2020,469492,156
WD5,2021,493160,198
WD5,2022,558815,158
WD5,2023,497559,114
WD5,2024,499842,158
WD6,2020,721651,548
WD6,2021,536368,719
WD6,2022,709575,478
WD6,2023,751271,409
WD6,2024,575960,416
WD7,2020,958160,234
WD7,2021,1045611,322
WD7,2022,1051473,271
WD7,2023,1019148,185
WD7,2024,1257767,197
WF1,2020,257239,653
WF1,2021,222351,935
WF1,2022,228266,910
WF1,2023,221179,753
WF1,2024,250766,689
WF10,2020,292484,980
WF10,2021,218229,1212
WF10,2022,187596,1133
WF10,2023,212559,847
WF10,2024,197665,920
WF11,2020,240806,260
WF11,2021,192214,344
WF11,2022,203633,308
WF11,2023,207370,268
WF11,2024,213509,326
WF12,2020,179928,448
WF12,2021,198303,559
WF12,2022,194565,472
WF12,2023,224463,402
WF12,2024,257182,490
WF13,2020,143814,247
WF13,2021,167326,352
WF13,2022,148820,295
WF13,2023,143263,249
WF13,2024,158834,244
WF14,2020,242496,354
WF14,2021,230931,497
WF14,2022,249035,451
WF14,2023,242165,352
WF14,2024,248725,393
WF15,2020,180599,245
WF15,2021,188184,359
WF15,2022,204605,289
WF15,2023,210469,237
WF15,2024,224409,285
WF16,2020,137975,192
WF16,2021,146791,211
WF16,2022,159818,173
WF16,2023,167430,160
WF16,2024,189568,170
WF17,2020,165399,538
WF17,2021,199319,662
WF17,2022,190682,546
WF17,2023,215182,527
WF17,2024,238406,520
WF2,2020,228516,704
WF2,2021,259670,1037
WF2,2022,367411,892
WF2,2023,385215,611
WF2,2024,269325,713
WF3,2020,193564,587
WF3,2021,236805,859
WF3,2022,260098,779
WF3,2023,246320,662
WF3,2024,269721,793
WF4,2020,219582,676
WF4,2021,228776,893
WF4,2022,241727,691
WF4,2023,236618,532
WF4,2024,252268,603
WF5,2020,190766,344
WF5,2021,218204,426
WF5,2022,225498,366
WF5,2023,232574,311
WF5,2024,222703,350
WF6,2020,249362,307
WF6,2021,425890,497
WF6,2022,381563,439
WF6,2023,195995,292
WF6,2024,233894,329
WF7,2020,226021,399
WF7,2021,198299,532
WF7,2022,188545,426
WF7,2023,217068,339
WF7,2024,206397,331
WF8,2020,189465,609
WF8,2021,217967,889
WF8,2022,227649,675
WF8,2023,211481,515
WF8,2024,239521,596
WF9,2020,220925,574
WF9,2021,253316,809
WF9,2022,237377,724
WF9,2023,209477,549
WF9,2024,213767,568
WN1,2020,237576,309
WN1,2021,242934,428
WN1,2022,214429,370
WN1,2023,209306,350
WN1,2024,218195,363
WN2,2020,143064,823
WN2,2021,162656,1036
WN2,2022,171827,1026
WN2,2023,191538,817
WN2,2024,185014,908
WN3,2020,143427,440
WN3,2021,157395,537
WN3,2022,191391,432
WN3,2023,204985,378
WN3,2024,195361,419
WN4,2020,172027,390
WN4,2021,200584,500
WN4,2022,189479,450
WN4,2023,201375,398
WN4,2024,227918,441
WN5,2020,174321,562
WN5,2021,280901,768
WN5,2022,190436,708
WN5,2023,169434,614
WN5,2024,201356,631
WN6,2020,227622,763
WN6,2021,236147,1029
WN6,2022,222034,908
WN6,2023,222287,717
WN6,2024,238577,806
WN7,2020,161813,1010
WN7,2021,157731,1269
WN7,2022,172829,1087
WN7,2023,187172,975
WN7,2024,182373,980
WN8,2020,188548,700
WN8,2021,188446,985
WN8,2022,258469,784
WN8,2023,330638,623
WN8,2024,216869,703
WR1,2020,221266,213
WR1,2021,281976,307
WR1,2022,256597,328
WR1,2023,247184,245
WR1,2024,396411,260
WR10,2020,346466,314
WR10,2021,394141,454
WR10,2022,404694,398
WR10,2023,398556,343
WR10,2024,411648,379
WR11,2020,335159,781
WR11,2021,332394,1117
WR11,2022,321479,834
WR11,2023,344080,674
WR11,2024,373550,763
WR12,2020,564022,171
WR12,2021,677020,176
WR12,2022,616971,126
WR12,2023,754494,111
WR12,2024,730252,121
WR13,2020,419660,134
WR13,2021,420685,209
WR13,2022,508650,150
WR13,2023,523518,112
WR13,2024,523096,133
WR14,2020,288047,631
WR14,2021,317296,893
WR14,2022,371866,741
WR14,2023,374190,593
WR14,2024,341308,651
WR15,2020,332955,110
WR15,2021,395080,151
WR15,2022,378953,128
WR15,2023,351744,80
WR15,2024,382036,107
WR2,2020,306091,520
WR2,2021,302735,778
WR2,2022,373098,614
WR2,2023,333373,561
WR2,2024,344494,668
WR3,2020,278385,336
WR3,2021,357284,531
WR3,2022,306068,383
WR3,2023,330189,315
WR3,2024,335984,335
WR4,2020,325211,264
WR4,2021,303825,413
WR4,2022,267667,343
WR4,2023,455857,295
WR4,2024,252057,327
WR5,2020,347444,647
WR5,2021,300747,972
WR5,2022,306084,719
WR5,2023,304398,549
WR5,2024,337887,591
WR6,2020,474725,181
WR6,2021,474453,286
WR6,2022,524174,193
WR6,2023,650726,137
WR6,2024,532172,166
WR7,2020,456007,78
WR7,2021,497423,88
WR7,2022,553605,102
WR7,2023,553948,61
WR7,2024,564119,73
WR8,2020,399343,138
WR8,2021,418987,192
WR8,2022,426645,143
WR8,2023,420535,105
WR8,2024,398510,112
WR9,2020,332866,630
WR9,2021,355429,800
WR9,2022,433405,609
WR9,2023,364385,524
WR9,2024,423049,509
WS1,2020,155975,346
WS1,2021,215173,317
WS1,2022,254140,281
WS1,2023,223144,255
WS1,2024,244620,218
WS10,2020,163058,447
WS10,2021,228241,627
WS10,2022,192946,506
WS10,2023,260777,453
WS10,2024,210125,469
WS11,2020,247729,715
WS11,2021,244811,988
WS11,2022,247335,846
WS11,2023,248019,586
WS11,2024,243778,626
WS12,2020,208944,666
WS12,2021,234828,844
WS12,2022,247011,726
WS12,2023,252681,544
WS12,2024,236783,614
WS13,2020,327819,625
WS13,2021,318478,822
WS13,2022,475203,703
WS13,2023,470817,613
WS13,2024,361337,622
WS14,2020,357932,252
WS14,2021,358628,487
WS14,2022,394006,571
WS14,2023,374020,392
WS14,2024,426208,408
WS15,2020,240554,612
WS15,2021,304160,820
WS15,2022,291500,649
WS15,2023,275612,496
WS15,2024,271882,549
WS2,2020,153015,326
WS2,2021,212294,421
WS2,2022,179153,378
WS2,2023,187545,321
WS2,2024,215230,397
WS3,2020,231620,546
WS3,2021,207809,773
WS3,2022,202477,809
WS3,2023,219365,627
WS3,2024,213873,702
WS4,2020,201905,243
WS4,2021,226780,337
WS4,2022,227376,250
WS4,2023,239902,203
WS4,2024,226841,224
WS5,2020,273654,236
WS5,2021,282851,281
WS5,2022,313471,218
WS5,2023,319422,195
WS5,2024,330034,222
WS6,2020,216488,185
WS6,2021,258560,317
WS6,2022,264155,264
WS6,2023,246888,247
WS6,2024,263111,211
WS7,2020,248232,436
WS7,2021,265012,657
WS7,2022,270711,509
WS7,2023,271435,373
WS7,2024,262433,418
WS8,2020,177208,187
WS8,2021,202606,254
WS8,2022,228802,209
WS8,2023,205549,198
WS8,2024,211612,198
WS9,2020,289758,420
WS9,2021,303264,534
WS9,2022,303131,427
WS9,2023,340303,368
WS9,2024,303995,362
WV1,2020,159740,136
WV1,2021,260372,169
WV1,2022,281265,168
WV1,2023,188908,150
WV1,2024,385305,141
WV10,2020,192052,651
WV10,2021,238529,811
WV10,2022,257743,742
WV10,2023,260295,638
WV10,2024,250979,670
WV11,2020,189482,382
WV11,2021,210227,636
WV11,2022,220443,486
WV11,2023,250116,424
WV11,2024,219152,412
WV12,2020,171728,317
WV12,2021,202941,415
WV12,2022,194857,327
WV12,2023,196593,289
WV12,2024,205412,280
WV13,2020,166206,241
WV13,2021,192906,318
WV13,2022,177774,319
WV13,2023,194353,272
WV13,2024,211956,251
WV14,2020,169053,621
WV14,2021,193960,742
WV14,2022,241400,580
WV14,2023,198254,470
WV14,2024,194656,466
WV15,2020,272761,115
WV15,2021,315559,156
WV15,2022,317467,159
WV15,2023,369079,104
WV15,2024,340473,133
WV16,2020,274790,266
WV16,2021,296781,387
WV16,2022,317158,327
WV16,2023,322405,248
WV16,2024,338975,266
WV2,2020,203021,214
WV2,2021,213936,264
WV2,2022,6359621,234
WV2,2023,273529,203
WV2,2024,186338,176
WV3,2020,202015,379
WV3,2021,221955,524
WV3,2022,230097,444
WV3,2023,216040,308
WV3,2024,254893,411
WV4,2020,201870,380
WV4,2021,226181,517
WV4,2022,238457,397
WV4,2023,316240,382
WV4,2024,247037,387
WV5,2020,287533,226
WV5,2021,323923,322
WV5,2022,322580,249
WV5,2023,349405,190
WV5,2024,349543,240
WV6,2020,255969,588
WV6,2021,276287,753
WV6,2022,291597,629
WV6,2023,284493,488
WV6,2024,311341,596
WV7,2020,474808,100
WV7,2021,319164,120
WV7,2022,328401,101
WV7,2023,322394,80
WV7,2024,316068,119
WV8,2020,325860,196
WV8,2021,291606,312
WV8,2022,308152,268
WV8,2023,298815,191
WV8,2024,342582,187
WV9,2020,209393,107
WV9,2021,236037,130
WV9,2022,239634,101
WV9,2023,243570,78
WV9,2024,263023,87
YO1,2020,361666,131
YO1,2021,533889,301
YO1,2022,576305,209
YO1,2023,660821,158
YO1,2024,749348,168
YO10,2020,399913,312
YO10,2021,334445,488
YO10,2022,377773,381
YO10,2023,833714,282
YO10,2024,317477,335
YO11,2020,186507,589
YO11,2021,197610,802
YO11,2022,224191,761
YO11,2023,226638,625
YO11,2024,220775,646
YO12,2020,180695,712
YO12,2021,194248,948
YO12,2022,202545,824
YO12,2023,199316,751
YO12,2024,218812,772
YO13,2020,269507,185
YO13,2021,307871,225
YO13,2022,320171,237
YO13,2023,334352,188
YO13,2024,365469,224
YO14,2020,199008,280
YO14,2021,202697,496
YO14,2022,217861,405
YO14,2023,246448,295
YO14,2024,241887,300
YO15,2020,175441,297
YO15,2021,185248,421
YO15,2022,194042,492
YO15,2023,206472,292
YO15,2024,198331,391
YO16,2020,157181,447
YO16,2021,181145,658
YO16,2022,176371,543
YO16,2023,186143,476
YO16,2024,195775,524
YO17,2020,275070,439
YO17,2021,277153,466
YO17,2022,310325,479
YO17,2023,331779,317
YO17,2024,315798,345
YO18,2020,269909,305
YO18,2021,314285,365
YO18,2022,303020,311
YO18,2023,318040,259
YO18,2024,314497,254
YO19,2020,344419,225
YO19,2021,438734,329
YO19,2022,400737,246
YO19,2023,410007,188
YO19,2024,430512,224
YO2,2022,977500,2
YO2,2023,950000,1
YO21,2020,246699,393
YO21,2021,270123,505
YO21,2022,320270,334
YO21,2023,324635,262
YO21,2024,330011,283
YO22,2020,272578,190
YO22,2021,300917,226
YO22,2022,329345,163
YO22,2023,300439,207
YO22,2024,375584,207
YO23,2020,351006,334
YO23,2021,378635,533
YO23,2022,411633,401
YO23,2023,478753,298
YO23,2024,464833,359
YO24,2020,275027,479
YO24,2021,317694,721
YO24,2022,335795,543
YO24,2023,340404,438
YO24,2024,353358,532
YO25,2020,219756,826
YO25,2021,250549,1030
YO25,2022,291542,886
YO25,2023,255690,782
YO25,2024,278206,715
YO26,2020,322559,538
YO26,2021,371066,699
YO26,2022,374610,590
YO26,2023,388257,570
YO26,2024,386103,569
YO30,2020,323014,417
YO30,2021,435670,700
YO30,2022,393413,486
YO30,2023,365567,414
YO30,2024,394819,404
YO31,2020,334594,460
YO31,2021,304867,667
YO31,2022,318353,521
YO31,2023,319010,450
YO31,2024,486497,688
YO32,2020,314604,387
YO32,2021,350365,525
YO32,2022,355580,433
YO32,2023,376395,382
YO32,2024,370144,395
YO4,2022,95000,1
YO41,2020,301165,275
YO41,2021,578396,226
YO41,2022,421619,168
YO41,2023,751668,145
YO41,2024,369350,165
YO42,2020,298372,463
YO42,2021,293506,603
YO42,2022,354299,494
YO42,2023,317826,398
YO42,2024,317736,370
YO43,2020,247917,234
YO43,2021,268043,362
YO43,2022,271769,315
YO43,2023,268538,262
YO43,2024,267908,232
YO51,2020,384658,178
YO51,2021,378386,296
YO51,2022,354904,295
YO51,2023,319745,253
YO51,2024,378958,188
YO60,2020,411461,55
YO60,2021,492480,78
YO60,2022,461057,80
YO60,2023,570970,64
YO60,2024,467612,58
YO61,2020,365551,351
YO61,2021,431769,427
YO61,2022,456787,294
YO61,2023,434294,292
YO61,2024,479847,338
YO62,2020,454855,222
YO62,2021,362330,324
YO62,2022,409758,263
YO62,2023,386919,220
YO62,2024,424557,212
YO7,2020,298769,492
YO7,2021,335451,647
YO7,2022,332428,558
YO7,2023,351248,363
YO7,2024,325695,437
YO8,2020,219537,972
YO8,2021,243332,1249
YO8,2022,259875,1005
YO8,2023,249855,786
YO8,2024,253378,852
YO90,2024,31100000,1
